NORAD_CAT_ID_1,OBJECT_NAME_1,DSE_1,NORAD_CAT_ID_2,OBJECT_NAME_2,DSE_2,TCA,TCA_RANGE,TCA_RELATIVE_SPEED,MAX_PROB,DILUTION
55770,STARLINK-5557 [+],1.521,10096,SL-14 R/B [-],1.596,2026-08-07 19:52:59.561,0.013,2.981,4.467E-01,0.003
57908,STARLINK-30464 [P],7.312,66965,STARLINK-36067 [+],7.759,2026-08-13 07:00:32.766,0.015,5.603,1.000E+00,0.000
68142,STARLINK-36604 [+],5.901,69763,KUIPER-00258 [+],6.390,2026-08-12 05:09:17.306,0.034,14.549,4.867E-02,0.018
59958,STARLINK-31995 [+],5.779,62679,FLOCK 4G-30 [P],5.529,2026-08-11 17:48:58.616,0.040,13.005,4.768E-02,0.016
63210,JINJUSAT-1B [+],6.615,65640,STARLINK-35091 [+],7.231,2026-08-12 20:24:31.336,0.041,14.767,3.239E-02,0.023
66678,OTTER SDM [+],3.636,67748,OBJECT C [+],3.574,2026-08-09 20:23:51.944,0.042,7.002,2.232E-03,0.011
57288,HULIANWANG JISHU SHIYAN A [+],2.069,21754,DELTA 1 DEB [-],2.795,2026-08-08 08:55:26.673,0.043,14.233,9.157E-04,0.026
53398,STARLINK-4512 [+],4.722,66749,PIAST-S1 [+],4.745,2026-08-10 23:19:36.884,0.044,14.167,3.229E-02,0.022
32785,CUTE-1.7+APD II (CO-65) [P],1.317,53850,STARLINK-4767 [+],1.701,2026-08-07 11:23:59.225,0.046,13.718,3.188E-02,0.021
62184,STARLINK-32581 [+],5.003,25919,IKONOS 2 [-],5.008,2026-08-11 05:05:02.821,0.048,3.910,2.364E-03,0.012
41772,SKYSAT-C5 [+],1.159,68110,STARLINK-36830 [+],1.353,2026-08-07 05:23:55.545,0.051,9.589,3.555E-02,0.015
42838,LEMUR-2-ANDIS [+],4.754,60096,STARLINK-32016 [+],5.017,2026-08-10 23:22:50.107,0.051,5.767,4.464E-02,0.013
42964,IRIDIUM 125 [+],5.426,32150,FENGYUN 1C DEB [-],8.132,2026-08-11 13:23:33.385,0.051,10.057,1.306E-03,0.016
63047,STARLINK-32590 [+],7.515,63237,TEVEL2-9 [+],7.267,2026-08-13 11:59:54.880,0.055,13.548,2.380E-02,0.024
69047,STARLINK-37576 [+],2.188,69789,KUIPER-00646 [+],2.123,2026-08-08 07:57:53.537,0.055,6.009,3.845E-02,0.014
56883,STARLINK-6171 [+],3.241,35378,CZ-4 DEB [-],2.773,2026-08-09 00:24:10.105,0.056,7.296,3.637E-02,0.015
59312,STARLINK-31445 [+],7.235,61869,OBJECT A [+],6.398,2026-08-12 16:28:37.735,0.059,13.736,2.009E-02,0.026
55110,ASTROCAST-0401 [+],4.997,59790,STARLINK-31873 [+],5.509,2026-08-11 04:35:14.672,0.066,11.833,2.063E-02,0.023
57424,OBJECT A [+],5.321,69423,STARLINK-37820 [+],5.457,2026-08-11 15:12:17.115,0.066,14.748,4.104E-04,0.038
32791,SEEDS II (CO-66) [+],0.546,65753,STARLINK-34894 [+],1.119,2026-08-06 19:01:23.329,0.067,13.874,5.012E-04,0.031
56456,STARLINK-5995 [+],5.669,41456,SENTINEL-1B [-],5.511,2026-08-11 19:48:58.050,0.069,15.032,9.843E-03,0.046
65860,STARLINK-35303 [+],5.550,66177,STARLINK-35352 [-],4.839,2026-08-11 03:11:44.957,0.071,4.945,2.391E-02,0.018
46912,KSM1-A [+],6.947,57142,STARLINK-5361 [+],7.204,2026-08-13 02:07:10.697,0.073,2.622,2.366E-02,0.018
47502,HAWK-2C [+],2.370,66880,STARLINK-35844 [+],2.459,2026-08-08 11:00:57.356,0.073,13.824,1.282E-02,0.033
57827,STARLINK-30402 [+],3.948,58703,TIANMU-1 18 [+],3.566,2026-08-09 21:04:37.646,0.074,8.242,2.013E-02,0.021
57924,STARLINK-30487 [P],3.614,66862,STARLINK-35974 [+],3.350,2026-08-09 15:08:53.758,0.074,1.331,7.131E-02,0.018
68068,STARLINK-36990 [+],2.397,39475,ATLAS 5 CENTAUR R/B [-],2.191,2026-08-08 07:00:29.095,0.074,13.258,1.410E-02,0.030
60746,OBJECT B [+],3.471,69032,STARLINK-37596 [+],3.606,2026-08-09 18:04:08.411,0.076,8.957,1.895E-02,0.022
65877,STARLINK-35462 [+],3.423,68634,AGGIESAT6 (AGS6) [+],3.612,2026-08-09 16:08:33.440,0.077,3.266,2.147E-02,0.019
56552,STARLINK-5802 [+],3.713,64882,OBJECT G [+],3.571,2026-08-09 19:59:53.587,0.079,12.491,1.341E-02,0.029
33446,YAOGAN-4 [+],4.964,10525,SL-8 DEB [-],5.118,2026-08-11 06:06:36.885,0.081,15.045,2.328E-04,0.055
60360,STARLINK-32275 [+],2.088,19573,COSMOS 1975 [?],1.439,2026-08-07 16:51:37.060,0.082,3.869,1.858E-02,0.020
47378,STARLINK-2098 [+],5.955,50993,ION SCV-004 [+],6.036,2026-08-12 03:36:30.144,0.083,11.199,1.382E-02,0.027
48557,STARLINK-2155 [+],3.608,13771,SL-3 R/B [-],3.603,2026-08-09 16:27:14.997,0.083,7.390,2.094E-02,0.022
65444,STARLINK-35049 [+],7.296,34316,COSMOS 2251 DEB [-],7.376,2026-08-13 10:11:39.670,0.083,13.684,1.000E-02,0.037
48097,STARLINK-2418 [+],4.209,64554,TRANSPORTER-14 OBJECT AC [+],4.113,2026-08-10 09:24:12.461,0.086,14.760,7.422E-03,0.049
65851,SHIYAN-30 01 [+],6.651,82494,UNKNOWN [-],7.525,2026-08-12 22:28:37.965,0.086,5.750,5.576E-04,0.022
66786,LEMUR-2-HOTSPUR-TOM [+],7.534,34955,COSMOS 2251 DEB [-],15.532,2026-08-13 16:27:54.023,0.086,15.086,2.063E-04,0.059
42809,IRIDIUM 126 [+],5.064,36345,METEOR 2-8 DEB [-],7.779,2026-08-11 09:02:02.240,0.087,14.832,2.059E-04,0.058
57004,OBJECT A [+],2.738,45635,FREGAT DEB [-],3.069,2026-08-09 00:40:29.746,0.087,14.605,2.652E-04,0.045
60498,NUSAT-48 (HENRIETTA LEAVITT) [+],6.972,66848,STARLINK-36091 [+],7.180,2026-08-13 03:50:07.655,0.088,13.166,9.819E-03,0.036
42840,LEMUR-2-FURIAUS [+],5.972,65334,STARLINK-34878 [+],5.879,2026-08-12 04:21:50.616,0.089,14.599,7.346E-03,0.048
41173,DAMPE [+],2.856,68400,STARLINK-36235 [+],2.858,2026-08-09 03:50:33.314,0.091,13.999,8.081E-03,0.043
57873,STARLINK-30445 [+],4.416,68627,STP-S29A OBJECT A [+],4.391,2026-08-10 07:10:32.955,0.091,11.868,1.093E-02,0.031
58206,STARLINK-30800 [+],3.010,58647,TIANMU-1 13 [+],4.486,2026-08-09 07:04:34.967,0.092,14.315,7.383E-03,0.046
59121,LYNK TOWER 5 [+],0.801,68401,STARLINK-37175 [+],0.800,2026-08-06 17:39:00.619,0.092,0.395,1.526E-02,0.022
61668,STARLINK-32441 [+],5.104,62639,FLOCK 4G-3 [+],4.864,2026-08-11 02:15:06.275,0.093,14.310,7.181E-03,0.047
61916,STARLINK-32541 [+],5.803,13121,SL-3 R/B [-],5.534,2026-08-11 19:12:47.527,0.093,9.786,1.510E-02,0.028
66166,STARLINK-35624 [+],5.648,67587,CZ-2C DEB [-],5.403,2026-08-11 14:18:11.634,0.093,12.972,9.170E-03,0.037
43833,SAUDISAT 5B [+],0.847,57852,STARLINK-30431 [+],1.628,2026-08-07 04:13:27.032,0.094,6.281,1.352E-02,0.024
58152,STARLINK-30833 [+],5.302,47937,OBJECT F [-],5.307,2026-08-11 14:36:05.800,0.096,11.568,9.958E-03,0.033
50466,XW-3 (CAS-9) [+],4.047,33789,COSMOS 2251 DEB [-],4.390,2026-08-10 08:38:29.409,0.097,10.359,3.547E-04,0.030
54750,YAOGAN-36 04C [+],2.158,69025,STARLINK-37592 [+],2.311,2026-08-08 10:47:48.910,0.099,13.254,7.735E-03,0.041
56319,STARLINK-6039 [+],5.693,20666,SL-6 R/B(2) [-],5.704,2026-08-11 17:57:57.500,0.101,13.821,8.376E-03,0.046
44752,STARLINK-1047 [P],2.787,38842,PSLV DEB [-],3.952,2026-08-08 21:50:41.210,0.102,14.396,5.857E-03,0.052
52855,STARLINK-4209 [+],1.417,62680,FLOCK 4G-18 [P],1.100,2026-08-07 06:54:58.113,0.102,13.169,7.394E-03,0.041
63003,FOSSASAT-2E20 (TAT-O) [+],5.630,65375,STARLINK-34305 [+],5.572,2026-08-11 19:23:46.149,0.102,13.657,2.284E-04,0.045
61905,OBJECT M [+],1.473,66094,STARLINK-35528 [+],1.761,2026-08-07 17:46:10.765,0.106,14.720,4.893E-03,0.060
55054,SKYKRAFT-1A [+],5.660,62053,STARLINK-32494 [+],5.817,2026-08-11 18:45:16.146,0.107,14.321,5.452E-03,0.054
55615,STARLINK-5712 [+],4.570,16791,COSMOS 1758 [?],4.754,2026-08-10 20:49:11.260,0.107,13.008,6.930E-03,0.042
64529,GHGSAT-C12 [+],2.550,66701,IRIDE FM7 [+],2.681,2026-08-08 19:35:41.959,0.108,5.343,3.596E-04,0.027
68200,OBJECT C [+],1.057,461,THOR ABLESTAR DEB [-],1.652,2026-08-07 06:50:25.983,0.109,4.093,3.614E-04,0.026
68681,STARLINK-37307 [+],6.145,54228,ELECTRON KICK STAGE R/B [-],6.019,2026-08-12 08:15:07.972,0.110,14.638,4.714E-03,0.061
49400,HIBARI [+],6.896,58161,STARLINK-30773 [+],6.706,2026-08-12 23:48:57.439,0.117,8.622,8.094E-03,0.033
53537,STARLINK-4120 [+],0.884,62640,NUSAT-45 (UZMASAT-1) [+],0.980,2026-08-07 03:12:19.266,0.117,14.745,4.028E-03,0.067
56397,STARLINK-6271 [P],6.805,68013,STARLINK-36967 [+],7.612,2026-08-12 20:30:14.081,0.117,9.732,2.472E-02,0.035
65717,GEESAT-6 05 [+],0.594,68412,XINZHENGCHENG-01 [+],0.579,2026-08-06 21:27:41.289,0.117,12.379,2.042E-04,0.044
60749,OBJECT E [+],4.347,62213,STARLINK-32669 [+],5.440,2026-08-10 15:50:01.621,0.118,12.918,5.780E-03,0.046
69972,CHUANG XIN 26 (CX-26) [+],2.949,29890,FENGYUN 1C DEB [-],3.264,2026-08-09 02:16:04.997,0.118,14.336,1.350E-04,0.066
40699,COSMOS 2506 [+],5.827,35711,COSMOS 2251 DEB [-],9.617,2026-08-12 01:58:22.323,0.119,14.349,1.337E-04,0.066
48318,STARLINK-2509 [+],2.683,62380,BANDWAGON-2 OBJECT D [+],3.089,2026-08-08 16:32:53.097,0.119,9.661,7.498E-03,0.035
57858,STARLINK-30290 [+],2.243,12987,COSMOS 1328 [?],2.237,2026-08-08 11:49:45.257,0.119,11.313,6.651E-03,0.039
46076,STARLINK-1552 [+],2.575,57203,UTMN 2 (RS27S) [+],2.351,2026-08-08 14:52:08.560,0.120,14.750,3.846E-03,0.068
46496,ICEYE-X7 [+],0.473,69221,STARLINK-37728 [+],0.735,2026-08-06 18:37:32.142,0.121,6.141,8.335E-03,0.031
41875,GOKTURK 1A [+],0.890,34136,COSMOS 2251 DEB [-],0.899,2026-08-07 04:57:59.798,0.122,14.960,9.990E-05,0.085
58908,GEESAT-2 04 [+],3.835,61790,SITRO-AIS 18 [+],3.772,2026-08-10 01:02:08.724,0.122,6.186,2.717E-04,0.031
53658,STARLINK-4452 [+],0.491,60243,ROBUSTA-3A (MEDITERRANEE) [+],0.542,2026-08-06 17:47:06.070,0.124,9.098,7.048E-03,0.036
63210,JINJUSAT-1B [+],0.615,64474,STARLINK-34474 [+],0.743,2026-08-06 20:23:46.837,0.124,6.354,7.919E-03,0.032
60749,OBJECT E [+],6.360,63197,STARLINK-32960 [+],6.945,2026-08-12 16:07:49.716,0.127,10.620,6.218E-03,0.040
45794,GAOFEN-9 03 [+],6.003,48438,STARLINK-2640 [+],6.038,2026-08-12 07:06:34.170,0.128,14.750,3.373E-03,0.073
61671,STARLINK-32453 [+],3.075,62380,BANDWAGON-2 OBJECT D [+],3.479,2026-08-09 01:54:50.497,0.128,9.096,6.689E-03,0.037
69942,TRANSPORTER-17 OBJECT CB [+],6.535,56588,CZ-6A DEB [-],7.575,2026-08-12 18:49:46.653,0.128,14.976,9.797E-05,0.083
47302,YAOGAN-33 01 [+],5.254,35469,COSMOS 2251 DEB [-],5.650,2026-08-11 13:18:56.159,0.129,14.956,9.116E-05,0.089
59387,STARLINK-31714 [+],1.777,68633,MISR-C-2 [+],1.190,2026-08-07 06:39:31.488,0.130,7.078,7.076E-03,0.034
57813,STARLINK-30403 [+],4.913,64199,SHIJIAN-26 (SJ-26) [+],4.426,2026-08-10 15:45:25.184,0.131,13.823,4.054E-03,0.059
63489,HERMES-6 [+],6.007,67267,OBJECT V [+],6.432,2026-08-12 04:49:57.982,0.131,15.092,9.173E-05,0.087
52365,STARLINK-3874 [+],2.297,67296,SITRO-AIS-62 [+],2.370,2026-08-08 13:07:30.247,0.132,9.589,6.141E-03,0.039
63291,OBJECT A [+],1.637,66674,BRO-20 [+],1.762,2026-08-07 22:40:59.480,0.132,8.430,2.146E-04,0.037
53401,STARLINK-4525 [+],2.546,67265,SITRO-TD-4 [+],2.569,2026-08-08 19:05:48.153,0.133,13.763,3.930E-03,0.060
62651,FLOCK 4G-21 [P],2.552,66373,STARLINK-35809 [+],2.491,2026-08-08 18:45:56.980,0.133,8.885,6.235E-03,0.038
54163,STARLINK-5161 [+],7.206,23278,COSMOS 2292 [?],6.925,2026-08-13 02:35:07.487,0.134,13.710,4.090E-03,0.057
57756,WILDFIRE 4 [+],3.876,18417,SL-16 DEB [-],3.970,2026-08-10 04:11:29.895,0.134,8.993,2.015E-04,0.039
60468,TRANSPORTER-11 OBJECT A [+],6.707,68016,STARLINK-36923 [+],7.093,2026-08-12 21:58:32.628,0.134,13.801,3.850E-03,0.061
64002,STARLINK-33898 [+],2.332,26366,SIMSAT 2 [?],1.498,2026-08-07 15:51:08.955,0.135,12.419,4.675E-03,0.050
43766,SPAWAR-CAL-O [+],2.725,68727,STARLINK-37270 [+],3.108,2026-08-08 21:19:23.368,0.136,13.049,4.240E-03,0.054
65715,GEESAT-6 03 [+],7.223,8978,DELTA 1 DEB [-],6.815,2026-08-13 00:30:07.806,0.139,12.363,1.446E-04,0.052
32791,SEEDS II (CO-66) [+],2.047,69168,STARLINK-37469 [+],1.977,2026-08-08 07:02:49.015,0.140,7.927,5.923E-03,0.038
43023,JILIN-1 05 [+],7.229,52852,STARLINK-4184 [+],7.218,2026-08-13 12:07:10.890,0.140,9.095,5.600E-03,0.040
51769,STARLINK-3621 [+],3.923,66762,HYDROGNSS-1 [+],3.664,2026-08-09 20:15:38.656,0.140,10.269,5.223E-03,0.043
32785,CUTE-1.7+APD II (CO-65) [P],1.310,43016,MAKERSAT 0 [+],1.743,2026-08-07 11:15:06.725,0.141,11.441,1.556E-04,0.047
49145,STARLINK-3119 [+],5.931,44611,CZ-2D DEB [-],6.865,2026-08-12 06:10:43.287,0.141,14.876,2.529E-03,0.088
52746,GHGSAT-C4 [+],7.320,69483,STARLINK-37869 [+],7.648,2026-08-13 15:45:30.866,0.141,13.444,1.243E-04,0.059
56153,PIESAT A [+],4.046,56154,PIESAT B [+],4.112,2026-08-07 13:54:17.604,0.141,0.001,2.218E-04,0.033
40024,NANOSATC-BR1 [+],4.819,67535,STARLINK-36574 [+],4.677,2026-08-10 22:01:26.040,0.142,14.630,2.828E-03,0.078
66673,TRANSPORTER-15 OBJECT H [+],4.391,67233,LVM3 R/B [-],4.573,2026-08-10 12:57:17.794,0.142,13.979,1.098E-04,0.067
58264,BRO-11 [+],3.202,59241,STARLINK-31427 [+],3.584,2026-08-09 11:53:58.690,0.143,9.557,5.199E-03,0.042
60264,STARLINK-32121 [+],1.079,60778,CZ-6A DEB [-],1.372,2026-08-06 23:51:44.544,0.143,14.413,2.971E-03,0.074
48976,ONEWEB-0258 [+],1.210,14493,DELTA 1 DEB [-],1.631,2026-08-07 04:02:38.307,0.145,9.052,5.478E-04,0.042
57653,STARLINK-30289 [+],4.818,59122,NUSAT-44 (MARIA MITCHELL) [+],5.336,2026-08-09 19:32:08.606,0.145,9.749,5.033E-03,0.043
60536,LEMUR-2-MARHISYAM [+],2.233,68698,JILIN GAOFEN OBJECT H [+],5.886,2026-08-08 11:14:46.959,0.145,0.999,2.104E-04,0.034
65380,STARLINK-35051 [+],6.138,68920,KUIPER-00380 [+],6.057,2026-08-12 07:21:28.169,0.145,9.721,5.058E-03,0.043
56824,STARLINK-30120 [+],5.942,64095,COSMOS 2588 [+],5.924,2026-08-11 15:33:41.484,0.146,11.863,4.243E-03,0.051
66390,STARLINK-35665 [+],4.028,38763,CP5 [-],4.227,2026-08-10 06:56:48.645,0.146,10.847,4.643E-03,0.046
62709,CONNECTA IOT-6 [+],0.902,69931,GRITSS [+],0.806,2026-08-07 01:15:34.761,0.147,14.996,7.331E-05,0.097
44312,JILIN-1 GAOFEN 3A [+],6.977,69561,STARLINK-37952 [+],6.944,2026-08-13 00:53:50.967,0.148,14.078,3.030E-03,0.070
55310,STARLINK-5309 [+],3.524,36797,AISSAT 1 [-],3.053,2026-08-09 07:28:47.403,0.148,14.303,2.751E-03,0.077
32791,SEEDS II (CO-66) [+],1.980,65753,STARLINK-34894 [+],2.553,2026-08-08 05:26:33.195,0.149,13.512,1.101E-04,0.064
57344,STARLINK-6380 [+],3.709,64882,OBJECT G [+],3.440,2026-08-09 16:51:36.106,0.149,10.803,4.468E-03,0.047
62085,KINEIS-5B [+],6.184,68921,KUIPER-00386 [+],6.270,2026-08-12 12:28:40.566,0.149,13.689,1.036E-04,0.068
56165,CHECKMATE 6 [+],6.575,12435,COSMOS 1266 FUEL CORE [-],6.835,2026-08-12 18:33:05.965,0.150,6.206,7.187E-05,0.039
56317,STARLINK-6038 [+],2.904,60453,LEGION 4 [+],2.871,2026-08-09 03:41:44.579,0.150,7.058,5.279E-03,0.039
63476,STARLINK-33718 [+],4.820,69323,GUOWANG TEST OBJECT D [+],4.746,2026-08-10 21:02:29.344,0.150,3.706,5.724E-03,0.036
52836,STARLINK-4043 [P],1.567,42827,OBJECT C [-],1.569,2026-08-07 18:36:21.540,0.151,6.049,5.405E-03,0.038
60547,UMBRA-10 [+],0.830,69004,GEN1A-1 [+],0.783,2026-08-07 00:50:37.453,0.152,14.997,7.028E-05,0.097
25398,WESTPAC [+],5.719,30092,FENGYUN 1C DEB [-],5.825,2026-08-11 21:46:36.310,0.153,14.280,2.492E-05,0.085
67065,HULIANWANG DIGUI-125 [+],4.564,30684,FENGYUN 1C DEB [-],5.242,2026-08-10 19:33:17.055,0.153,9.854,1.448E-04,0.047
43784,SNUGLITE [+],6.771,61848,STARLINK-32427 [+],7.855,2026-08-12 21:23:54.183,0.154,13.879,2.898E-03,0.070
53734,STARLINK-4616 [+],7.245,44891,OBJECT N [-],6.452,2026-08-12 18:09:42.036,0.154,13.619,3.040E-03,0.067
55582,STARLINK-5741 [P],6.160,67498,STARLINK-36081 [+],6.492,2026-08-12 11:32:24.888,0.154,3.532,1.768E-02,0.038
56168,CHECKMATE 1 [+],4.348,56684,CZ-6A DEB [-],4.093,2026-08-10 07:29:40.387,0.154,14.719,6.226E-05,0.109
69132,STARLINK-37660 [+],4.293,58927,OBJECT L [-],4.156,2026-08-10 08:49:53.617,0.156,13.641,2.931E-03,0.069
56153,PIESAT A [+],4.112,56154,PIESAT B [+],4.178,2026-08-07 15:29:33.482,0.157,0.001,2.218E-04,0.033
63429,HJS-6B [+],1.310,68368,RASSVET-3 9 [+],1.290,2026-08-07 13:56:02.027,0.157,13.889,9.043E-05,0.073
59242,STARLINK-31423 [+],1.241,64895,OBJECT V [+],0.949,2026-08-07 03:29:32.115,0.158,14.331,2.490E-03,0.080
62197,STARLINK-32663 [+],3.047,64530,DUTHSAT-2 [+],2.811,2026-08-09 02:54:22.700,0.158,14.046,2.648E-03,0.075
52093,STARLINK-3673 [+],2.442,63217,TEVEL2-1 [+],2.183,2026-08-08 10:29:02.909,0.160,5.752,4.862E-03,0.040
54750,YAOGAN-36 04C [+],5.480,67664,STARLINK-36404 [+],5.683,2026-08-11 18:31:24.781,0.160,10.163,4.041E-03,0.049
57217,KUZGTU 1 (RS47S) [+],1.300,58932,STARLINK-31378 [+],1.491,2026-08-07 13:11:11.913,0.160,7.616,4.572E-03,0.043
46232,GAOFEN-9 05 [+],0.946,52835,STARLINK-4080 [+],0.987,2026-08-07 05:40:51.615,0.161,14.751,2.133E-03,0.092
56153,PIESAT A [+],3.980,56154,PIESAT B [+],4.046,2026-08-07 12:19:00.080,0.162,0.001,2.218E-04,0.033
55280,STARLINK-5331 [+],7.774,21891,DELTA 2 R/B(1) [-],7.693,2026-08-13 16:23:24.840,0.164,9.247,5.960E-03,0.047
68443,DB-WALI-WMU [+],5.139,68468,ERMIS-1 [+],5.138,2026-08-11 00:40:00.170,0.164,0.001,1.273E-04,0.050
55570,STARLINK-5737 [+],5.212,57188,HORS 1 [+],5.215,2026-08-11 10:50:37.562,0.165,10.405,3.756E-03,0.051
60279,STARLINK-32010 [+],3.335,59729,CZ-4C R/B [-],3.095,2026-08-09 05:27:27.346,0.166,14.533,2.132E-03,0.089
46698,STARLINK-1797 [P],2.134,100116,STARLINK-38038 [+],2.255,2026-08-08 11:13:32.278,0.167,8.593,1.315E-02,0.047
62651,FLOCK 4G-21 [P],2.617,66373,STARLINK-35809 [+],2.556,2026-08-08 20:19:53.102,0.167,8.914,3.963E-03,0.047
68921,KUIPER-00386 [+],6.004,35440,COSMOS 2251 DEB [-],22.143,2026-08-12 06:05:59.218,0.167,7.897,1.378E-04,0.045
55919,STARLINK-5871 [+],0.672,63264,LEMUR-2-THEFALCONER [+],1.299,2026-08-06 22:55:37.176,0.168,15.050,1.653E-03,0.113
62634,FLOCK 4G-28 [P],3.250,64911,STARLINK-34718 [+],3.312,2026-08-09 10:17:59.380,0.168,7.995,4.078E-03,0.046
62714,CENTAURI-8 [+],6.034,64797,STARLINK-34641 [+],6.087,2026-08-12 05:22:55.387,0.169,14.816,1.816E-03,0.103
66971,STARLINK-35678 [+],2.597,35573,CZ-4B DEB [-],1.809,2026-08-08 01:55:55.023,0.169,10.613,3.498E-03,0.053
59131,MESON-1 [+],3.034,59205,STARLINK-31586 [+],2.944,2026-08-09 03:56:15.555,0.170,14.682,1.955E-03,0.095
60464,YAOGAN-43 01G [+],6.315,69044,STARLINK-37664 [+],6.454,2026-08-12 15:04:06.516,0.170,10.355,3.527E-03,0.052
62680,FLOCK 4G-18 [P],0.942,65844,STARLINK-35148 [+],1.112,2026-08-07 03:07:57.648,0.170,14.685,1.947E-03,0.095
66306,BANDWAGON-4 OBJECT P [+],4.327,18152,COSMOS 1862 [?],3.208,2026-08-09 09:05:18.662,0.170,8.619,1.294E-04,0.047
68429,TROOP-F3 [+],6.135,68457,TRANSPORTER-16 OBJECT AT [+],5.873,2026-08-12 00:18:38.477,0.170,0.009,1.517E-04,0.040
53676,STARLINK-4621 [+],0.916,30259,FENGYUN 1C DEB [-],0.926,2026-08-07 03:21:22.948,0.171,1.254,4.500E-03,0.041
56410,STARLINK-6281 [P],7.589,59669,STARLINK-31917 [+],8.005,2026-08-13 15:35:57.252,0.171,9.921,1.175E-02,0.051
57426,OBJECT C [+],2.785,64178,STARLINK-34227 [+],3.004,2026-08-08 23:50:15.650,0.171,14.758,1.876E-03,0.098
40298,ASNARO [+],4.990,68460,COSMO [+],5.120,2026-08-11 06:15:08.117,0.172,12.852,9.007E-05,0.067
41899,YIJIAN [+],7.600,39605,METEOR 2-5 DEB [-],7.299,2026-08-13 14:15:57.875,0.172,14.998,4.979E-05,0.122
52746,GHGSAT-C4 [+],5.624,65675,STARLINK-34749 [+],5.887,2026-08-11 23:03:39.283,0.173,12.068,2.951E-03,0.061
55743,STARLINK-5602 [+],4.217,61759,SITRO-AIS 19 [+],4.231,2026-08-10 12:00:21.124,0.173,14.795,1.738E-03,0.105
26958,PROBA-1 [+],3.591,53080,STARLINK-4330 [+],3.681,2026-08-09 21:43:16.098,0.174,14.940,1.516E-03,0.110
53630,STARLINK-4598 [+],0.865,59371,RESURS-P 4 [+],0.872,2026-08-07 03:48:28.932,0.174,11.772,3.014E-03,0.060
63218,TEVEL2-3 [+],5.966,66017,STARLINK-35398 [+],6.160,2026-08-12 05:07:09.281,0.174,6.256,4.056E-03,0.044
64458,STARLINK-34439 [+],3.507,54228,ELECTRON KICK STAGE R/B [-],3.170,2026-08-09 11:51:56.841,0.174,14.169,2.116E-03,0.085
65545,YAOGAN-40 03B [+],5.226,36707,FENGYUN 1C DEB [-],7.039,2026-08-11 10:08:26.081,0.174,12.060,9.312E-05,0.064
65796,STARLINK-35390 [+],1.084,67001,OBJECT J [+],1.208,2026-08-07 09:13:47.034,0.174,14.299,2.013E-03,0.090
44310,BUFENG 1A [+],5.194,53864,STARLINK-4779 [+],5.349,2026-08-11 09:24:55.610,0.175,11.487,3.073E-03,0.058
43169,WEINA 1A [+],3.381,68950,KUIPER-00458 [+],2.545,2026-08-08 19:05:04.512,0.176,3.199,1.397E-04,0.042
53475,STARLINK-4389 [P],1.684,69786,KUIPER-00639 [+],2.135,2026-08-07 22:49:18.540,0.176,10.489,3.258E-03,0.055
53682,STARLINK-4438 [+],0.486,66701,IRIDE FM7 [+],0.601,2026-08-06 17:40:24.794,0.176,14.963,1.627E-03,0.110
58288,ICEYE-X31 [+],0.902,65105,STARLINK-34545 [+],1.155,2026-08-07 03:59:50.031,0.176,12.283,2.805E-03,0.064
56153,PIESAT A [+],3.221,56156,PIESAT D [+],3.221,2026-08-06 18:06:55.966,0.177,0.001,1.400E-04,0.042
58288,ICEYE-X31 [+],5.658,68062,STARLINK-36952 [+],6.040,2026-08-11 22:08:19.457,0.178,12.218,2.764E-03,0.064
67199,STARLINK-36268 [+],0.620,55899,CZ-6A DEB [-],1.897,2026-08-06 20:41:47.358,0.178,14.366,1.885E-03,0.093
68984,IRIDE-MS2-HEO-12 [+],1.615,55194,CZ-6A DEB [-],1.785,2026-08-07 21:39:10.820,0.178,14.963,5.105E-05,0.115
67748,OBJECT C [+],1.542,68507,CAMOES [+],1.653,2026-08-07 19:37:29.555,0.179,15.032,5.039E-05,0.116
57768,WILDFIRE 8 [+],2.223,12198,DELTA 1 DEB [-],2.760,2026-08-08 12:29:59.190,0.180,14.702,4.568E-05,0.127
64567,ARVAKER-2 [+],6.249,30038,FENGYUN 1C DEB [-],6.610,2026-08-12 12:38:19.785,0.180,13.431,7.537E-05,0.077
67637,STARLINK-36610 [+],7.051,67682,COSMOS 2608 [+],7.074,2026-08-13 05:00:43.086,0.182,8.862,3.374E-03,0.051
41923,IRIDIUM 114 [+],4.543,28055,DMSP 5D-3 F16 DEB [-],4.619,2026-08-10 15:26:38.046,0.184,14.906,4.418E-05,0.128
49453,STARLINK-3129 [+],5.147,62383,LIZZIESAT-2 (LS-2) [+],5.720,2026-08-11 10:52:15.499,0.184,9.639,3.146E-03,0.054
56030,STARLINK-5781 [P],4.910,66524,STARLINK-35687 [+],5.126,2026-08-11 02:57:47.230,0.184,9.309,1.047E-02,0.053
56397,STARLINK-6271 [P],4.606,57472,STARLINK-30204 [+],4.385,2026-08-10 15:43:32.900,0.184,10.023,1.013E-02,0.055
60018,STARLINK-31984 [+],1.288,61455,CZ-6A DEB [-],1.457,2026-08-07 08:30:26.842,0.184,9.901,3.123E-03,0.055
53009,STARLINK-4277 [+],4.591,57183,OBJECT T [+],4.580,2026-08-10 20:11:47.127,0.185,14.672,1.619E-03,0.105
58743,STARLINK-31156 [+],1.800,67677,COSMOS 2603 [+],1.048,2026-08-07 04:03:40.449,0.185,14.305,1.824E-03,0.093
58771,STARLINK-31135 [+],7.333,59126,YAM-6 [+],7.321,2026-08-13 14:45:43.860,0.185,5.809,3.615E-03,0.047
63731,KUIPER-00015 [+],5.174,28483,CZ-2C DEB [-],5.099,2026-08-11 06:05:24.505,0.185,14.285,5.768E-05,0.097
55836,TIANHUI 6A [+],6.882,9663,SL-3 DEB [-],7.140,2026-08-13 03:43:59.349,0.188,14.816,4.184E-05,0.133
57512,STARLINK-30157 [+],1.258,63230,ION SCV-017 [+],1.073,2026-08-07 08:06:23.322,0.188,12.173,2.474E-03,0.067
62796,QIANFAN-66 [+],0.673,32113,FENGYUN 1C DEB [-],0.604,2026-08-06 21:58:58.513,0.190,14.531,4.197E-05,0.131
64811,STARLINK-34669 [+],3.827,47029,FENGYUN 1C DEB [-],6.090,2026-08-09 22:44:40.373,0.190,14.820,1.410E-03,0.117
66854,STARLINK-36087 [+],2.864,35573,CZ-4B DEB [-],2.595,2026-08-08 20:47:16.369,0.190,13.116,2.157E-03,0.077
56889,STARLINK-6169 [+],2.711,62616,INNOCUBE (TUBSAT-31) [+],1.800,2026-08-08 00:33:22.630,0.191,7.066,3.281E-03,0.050
56944,NUSAT-41 (C PAYNE-G) [+],4.048,59325,STARLINK-31611 [+],4.503,2026-08-09 11:37:07.544,0.191,8.495,3.086E-03,0.053
47448,CUBEL [+],4.619,52761,ION SCV-006 [+],4.483,2026-08-10 17:59:35.762,0.193,11.717,8.176E-05,0.066
58663,TIANMU-1 22 [+],5.510,64195,STARLINK-33857 [+],5.822,2026-08-11 19:57:12.358,0.193,12.517,2.273E-03,0.072
61197,TIANQI-31 [+],5.446,13484,COSMOS 1275 DEB [-],5.417,2026-08-11 16:48:09.677,0.193,7.450,1.045E-04,0.052
64863,STARLINK-34690 [+],4.204,54938,CZ-6A DEB [-],4.441,2026-08-10 09:01:05.857,0.193,5.286,3.366E-03,0.048
53258,STARLINK-4127 [+],3.955,66999,OBJECT G [+],4.026,2026-08-10 05:05:54.515,0.194,9.890,2.793E-03,0.058
58469,ION SCV-015 [+],4.608,65367,STARLINK-34946 [+],4.679,2026-08-10 22:13:49.551,0.196,14.135,5.565E-05,0.095
59216,STARLINK-31417 [+],1.532,40978,ATLAS 5 CENTAUR R/B [-],1.663,2026-08-07 17:09:32.521,0.197,12.951,2.074E-03,0.077
42838,LEMUR-2-ANDIS [+],1.762,64778,STARLINK-34537 [+],1.721,2026-08-07 23:34:56.665,0.198,14.649,1.448E-03,0.109
45625,GAOFEN-9 02 [+],6.070,59658,STARLINK-31858 [+],6.790,2026-08-12 09:54:55.877,0.198,13.709,1.799E-03,0.088
57924,STARLINK-30487 [P],3.653,58476,STARLINK-30980 [+],4.030,2026-08-09 16:05:07.648,0.198,7.878,9.728E-03,0.054
58469,ION SCV-015 [+],4.673,65367,STARLINK-34946 [+],4.744,2026-08-10 23:47:43.166,0.198,14.147,5.438E-05,0.096
61630,STARLINK-32390 [+],4.644,64882,OBJECT G [+],4.282,2026-08-10 13:02:57.084,0.198,14.338,1.577E-03,0.101
62380,BANDWAGON-2 OBJECT D [+],7.215,66212,STARLINK-35710 [+],6.566,2026-08-12 19:34:27.663,0.198,9.676,2.720E-03,0.058
65986,SDA_1676 [+],2.886,33726,FENGYUN 1C DEB [-],3.865,2026-08-09 04:01:48.393,0.198,14.635,3.742E-05,0.140
52939,POEM [+],6.592,55054,SKYKRAFT-1A [+],6.212,2026-08-12 08:01:20.951,0.199,11.342,7.955E-05,0.066
56459,STARLINK-6048 [+],5.957,56240,CZ-6A DEB [-],5.878,2026-08-12 03:37:58.282,0.199,13.863,1.708E-03,0.092
63003,FOSSASAT-2E20 (TAT-O) [+],3.994,66063,STARLINK-35562 [+],3.863,2026-08-10 04:08:35.294,0.199,7.709,2.944E-03,0.053
66295,LEMUR-2-AFFIE-WAUWIE [+],0.895,67165,STARLINK-36186 [+],0.702,2026-08-06 21:30:38.950,0.199,1.668,3.318E-03,0.047
45764,STARLINK-1502 [P],1.051,62017,STARLINK-11343 [+],1.463,2026-08-07 04:52:11.812,0.200,12.292,7.182E-03,0.072
55803,ONEWEB-0639 [+],0.867,45315,SL-14 DEB [-],0.993,2026-08-07 02:09:45.935,0.200,14.475,1.235E-04,0.137
63990,SCS-01 J [+],6.539,67845,STARLINK-36606 [+],6.902,2026-08-12 18:46:25.778,0.200,14.249,1.570E-03,0.100
69992,STARLINK-38071 [+],3.591,100111,STARLINK-38115 [+],3.363,2026-08-09 15:48:27.525,0.201,15.265,3.872E-03,0.133
59588,ACS3 [+],7.359,22222,SL-16 DEB [-],7.502,2026-08-13 14:51:45.240,0.202,14.147,4.642E-05,0.111
62178,STARLINK-32600 [+],4.107,54487,CZ-6A DEB [-],4.144,2026-08-10 06:46:17.355,0.202,15.074,3.753E-05,0.137
63293,OBJECT C [+],4.624,67399,TOMORROW-S11 [+],4.983,2026-08-10 22:04:34.632,0.202,14.253,5.081E-05,0.102
64077,STARLINK-34201 [+],4.337,64889,OBJECT P [+],3.414,2026-08-09 16:36:37.686,0.202,13.410,1.828E-03,0.085
37214,FENGYUN 3B [+],5.097,56660,CZ-6A DEB [-],8.092,2026-08-11 09:34:53.957,0.203,2.937,1.048E-04,0.049
41847,CAS-2T & KS-1Q [P],4.131,34620,COSMOS 2251 DEB [-],4.326,2026-08-10 08:58:10.676,0.203,14.810,3.715E-05,0.138
63887,STARLINK-33904 [+],4.090,58499,CZ-2C R/B [-],4.104,2026-08-10 08:47:56.405,0.203,13.726,1.678E-03,0.092
43820,SEAHAWK-1 [+],1.987,56866,OBJECT W [+],1.853,2026-08-08 02:46:52.758,0.205,1.380,1.047E-04,0.048
52990,STARLINK-4286 [+],2.765,60468,TRANSPORTER-11 OBJECT A [+],2.678,2026-08-08 21:17:56.664,0.205,14.699,1.340E-03,0.115
56153,PIESAT A [+],4.178,56154,PIESAT B [+],4.244,2026-08-07 17:04:47.971,0.205,0.001,2.218E-04,0.033
47630,STARLINK-1983 [+],2.850,57176,SITRO-AIS 5 (KATYS) [+],2.476,2026-08-08 18:35:06.441,0.206,13.869,1.622E-03,0.094
56153,PIESAT A [+],3.913,56154,PIESAT B [+],3.979,2026-08-07 10:43:40.559,0.206,0.001,2.218E-04,0.033
43613,ICESAT-2 [+],2.888,63581,STARLINK-33714 [+],2.898,2026-08-09 03:13:29.920,0.207,12.825,1.898E-03,0.080
48563,STARLINK-2188 [+],4.990,60504,YAM-7 [+],4.833,2026-08-11 01:10:38.806,0.207,14.750,1.288E-03,0.118
57908,STARLINK-30464 [P],3.797,64390,STARLINK-34292 [+],4.212,2026-08-09 18:40:17.736,0.207,9.718,8.168E-03,0.061
64799,STARLINK-34662 [+],4.161,47029,FENGYUN 1C DEB [-],6.420,2026-08-10 06:40:00.824,0.207,14.847,1.183E-03,0.129
52793,GEESAT-1 09 [+],4.935,68947,KUIPER-00453 [+],4.936,2026-08-11 04:27:11.261,0.208,9.945,8.017E-05,0.062
52630,STARLINK-3989 [+],1.530,63985,SCS-01 D [+],6.369,2026-08-07 02:48:10.541,0.209,5.905,2.834E-03,0.053
56153,PIESAT A [+],3.287,56156,PIESAT D [+],3.287,2026-08-06 19:41:17.353,0.209,0.001,1.400E-04,0.042
65643,STARLINK-35062 [+],0.440,41307,NOAA 16 DEB [-],0.629,2026-08-06 17:34:13.426,0.209,12.304,1.972E-03,0.076
52838,STARLINK-4092 [+],2.457,57176,SITRO-AIS 5 (KATYS) [+],2.019,2026-08-08 07:37:19.193,0.211,14.177,1.441E-03,0.103
57769,WILDFIRE 5 [+],4.446,36299,COSMOS 789 DEB [-],5.934,2026-08-10 16:58:52.259,0.211,14.598,3.588E-05,0.137
63958,STARLINK-34144 [+],2.931,64558,QUICK3 [+],2.612,2026-08-08 21:24:49.261,0.211,9.327,2.440E-03,0.061
64923,STARLINK-34643 [+],5.685,33939,COSMOS 2251 DEB [-],5.556,2026-08-11 20:10:20.862,0.211,6.101,2.763E-03,0.054
52294,STARLINK-3777 [+],5.080,57203,UTMN 2 (RS27S) [+],4.930,2026-08-11 04:45:30.228,0.212,14.731,1.228E-03,0.121
56200,HAWK-7C [+],0.811,66582,STARLINK-35746 [+],1.322,2026-08-07 00:45:58.976,0.212,12.594,1.869E-03,0.079
59874,STARLINK-31933 [+],5.867,35073,COSMOS 2251 DEB [-],6.537,2026-08-11 17:56:28.604,0.213,7.789,2.571E-03,0.057
62142,STARLINK-32454 [+],0.818,13121,SL-3 R/B [-],0.523,2026-08-06 18:56:27.185,0.213,13.475,2.035E-03,0.091
67679,COSMOS 2605 [+],8.520,67925,STARLINK-36726 [+],7.689,2026-08-13 16:04:24.472,0.214,14.063,1.435E-03,0.102
60352,STRIX-4 [+],5.757,61230,OBJECT D [+],5.714,2026-08-12 00:08:49.480,0.215,7.446,8.500E-05,0.057
61758,SITRO-AIS 20 [+],4.588,67098,STARLINK-36205 [+],4.721,2026-08-10 20:28:08.883,0.215,9.423,2.337E-03,0.063
63217,TEVEL2-1 [+],2.384,65641,STARLINK-35134 [+],2.924,2026-08-08 15:19:09.138,0.215,14.542,1.263E-03,0.116
48117,STARLINK-2455 [+],3.734,48671,STARLINK-2745 [P],3.868,2026-08-09 22:25:41.740,0.216,3.874,9.029E-03,0.053
55338,STARLINK-5658 [+],2.664,22,EXPLORER 7 [?],2.657,2026-08-08 21:58:08.407,0.216,3.469,2.782E-03,0.052
57534,STARLINK-30264 [+],6.431,64889,OBJECT P [+],6.100,2026-08-12 09:04:15.471,0.216,13.780,1.505E-03,0.097
60118,STARLINK-11177 [+],2.983,100002,STARLINK-37711 [+],2.967,2026-08-09 05:41:27.237,0.216,12.051,6.341E-03,0.076
62686,FOSSASAT-2E18 (TAT-A) [+],1.102,66757,PIAST-S2 [+],1.102,2026-08-07 07:00:53.135,0.216,0.581,9.444E-05,0.051
64580,YAM-10 [+],0.962,68481,TORO3 [+],1.151,2026-08-07 06:36:49.741,0.216,14.652,3.859E-05,0.125
61735,IONOSFERA-M 1 [+],6.457,43403,CZ-2D DEB [-],8.230,2026-08-12 17:20:54.181,0.217,13.984,4.304E-05,0.112
61624,STARLINK-32398 [+],1.293,62678,FLOCK 4G-15 [+],0.973,2026-08-07 04:17:18.785,0.218,10.883,2.068E-03,0.070
69047,STARLINK-37576 [+],2.944,54228,ELECTRON KICK STAGE R/B [-],2.763,2026-08-09 02:06:36.952,0.218,15.037,1.039E-03,0.139
69583,CENTISPACE-1 GROUP 05 OBJECT B [+],1.327,54613,CZ-6A DEB [-],1.395,2026-08-07 07:38:52.729,0.219,13.045,5.177E-05,0.092
56292,STARLINK-30098 [+],5.168,58646,TIANMU-1 12 [+],5.011,2026-08-11 07:05:07.473,0.220,14.326,1.280E-03,0.112
56970,LEMUR-2-EMBRIONOVIS [+],5.318,69712,STARLINK-38043 [+],5.515,2026-08-11 14:40:39.856,0.220,12.339,5.885E-05,0.080
59442,TSAT-1A [+],4.015,69136,STARLINK-37531 [+],4.038,2026-08-10 07:09:00.031,0.220,13.273,1.576E-03,0.091
60577,LEMUR-2-LLOYD [+],4.079,69595,KUIPER-00490 [+],4.045,2026-08-10 07:05:22.246,0.221,14.543,3.874E-05,0.121
64802,STARLINK-34658 [+],6.918,66682,ION SCV-022 [+],6.872,2026-08-13 00:32:45.577,0.221,14.950,9.977E-04,0.143
41601,SKYSAT-C1 [+],2.931,69697,STARLINK-37976 [+],2.712,2026-08-08 23:04:49.455,0.222,15.156,8.694E-04,0.148
51872,STARLINK-3554 [+],2.145,52737,GHGSAT-C3 [+],2.080,2026-08-08 09:29:05.365,0.222,7.216,2.425E-03,0.058
56924,STARLINK-5731 [+],1.319,60750,OBJECT F [+],1.317,2026-08-07 14:25:06.859,0.222,9.334,2.204E-03,0.064
43258,IRIDIUM 143 [+],4.353,31999,ISIS 1 DEB [-],4.778,2026-08-09 22:45:45.922,0.223,15.239,3.007E-05,0.155
47397,STARLINK-2119 [P],6.750,100080,AAGAMAN OBJECT A [+],6.659,2026-08-12 22:23:20.434,0.223,12.341,1.738E-03,0.081
58035,STARLINK-30438 [+],1.516,69782,KUIPER-00627 [+],1.648,2026-08-07 11:25:39.757,0.224,3.056,2.610E-03,0.054
60553,BRO-15 [+],5.065,48747,NOAA 17 DEB [-],5.931,2026-08-11 06:23:30.570,0.224,7.284,7.846E-05,0.059
69105,QIANFAN-146 [+],2.382,9986,THORAD DELTA 1 DEB [-],2.835,2026-08-08 15:01:53.399,0.224,14.223,3.500E-05,0.133
51990,STARLINK-3657 [+],6.090,66307,BANDWAGON-4 OBJECT Q [+],7.326,2026-08-12 08:09:14.255,0.225,10.603,1.989E-03,0.070
64881,239ALFEROV (RS61S) [+],4.964,68060,STARLINK-36959 [+],5.363,2026-08-11 05:29:04.178,0.225,14.205,1.272E-03,0.110
52272,STARLINK-3781 [+],2.583,64554,TRANSPORTER-14 OBJECT AC [+],2.411,2026-08-08 16:33:51.632,0.226,14.598,1.122E-03,0.124
53997,STARLINK-5130 [+],2.723,59117,CONTECSAT-1 [+],2.450,2026-08-08 17:35:34.339,0.226,13.467,1.440E-03,0.096
53672,STARLINK-4428 [+],2.140,100143,OBJECT A [+],2.077,2026-08-08 09:05:04.544,0.227,13.659,1.365E-03,0.101
44351,FORMOSAT 7-2 [+],0.673,55278,STARLINK-5289 [+],0.565,2026-08-06 18:28:59.690,0.228,10.651,1.921E-03,0.072
44528,ZY-1 02D [+],6.639,61141,CZ-6A DEB [-],6.678,2026-08-12 23:17:03.256,0.228,8.323,7.200E-05,0.063
51118,STARLINK-3394 [+],6.691,67268,ZORKY-2M 7 [+],6.863,2026-08-13 00:35:18.507,0.229,5.790,2.365E-03,0.058
54689,DONGPO 10 [+],2.741,63697,STARLINK-33894 [+],2.698,2026-08-09 00:14:04.530,0.229,14.674,1.075E-03,0.127
55278,STARLINK-5289 [+],2.448,60898,CZ-6A DEB [-],2.443,2026-08-08 15:40:32.125,0.229,14.359,1.155E-03,0.119
61614,TIANPING 3A-01 [+],2.517,61616,TIANPING 3B-02 [+],1.583,2026-08-07 10:15:44.274,0.229,0.002,8.376E-05,0.054
53903,STARLINK-5022 [+],5.316,62652,FLOCK 4G-31 [+],5.258,2026-08-11 10:58:47.167,0.230,7.496,2.232E-03,0.061
57949,STARLINK-30707 [+],6.951,16986,COSMOS 1782 [?],6.686,2026-08-12 19:10:52.624,0.230,8.143,2.177E-03,0.063
58855,STARLINK-31237 [+],3.400,68206,OBJECT J [+],3.195,2026-08-09 08:28:26.769,0.230,14.405,1.171E-03,0.117
48219,ONEWEB-0183 [+],4.950,21655,METEOR 3-5 [?],4.973,2026-08-11 03:37:21.856,0.231,14.445,9.207E-05,0.159
59161,STARLINK-31256 [+],3.861,67502,STARLINK-36554 [P],3.625,2026-08-09 14:18:29.717,0.231,10.107,6.392E-03,0.070
67073,RAISE-4 [+],4.290,44636,ELECTRON KICK STAGE R/B [-],4.181,2026-08-10 11:38:26.608,0.231,15.040,3.093E-05,0.145
52374,STARLINK-3762 [+],1.318,63218,TEVEL2-3 [+],1.326,2026-08-07 13:45:14.280,0.232,12.496,1.578E-03,0.086
52908,YAOGAN-35 02B [+],5.304,60114,STARLINK-11198 [+],5.162,2026-08-11 08:55:04.849,0.232,9.789,1.979E-03,0.068
58276,GENMAT-1 [+],1.841,47423,TRANSPORTER-1 OBJECT L [-],1.711,2026-08-08 00:34:32.593,0.232,4.212,7.911E-05,0.057
46504,NETSAT-4 [+],2.905,62401,CTC-0 [+],3.094,2026-08-09 04:05:33.863,0.233,12.003,5.485E-05,0.082
61869,OBJECT A [+],3.026,67885,STARLINK-36826 [+],3.015,2026-08-09 07:32:35.247,0.233,14.136,1.200E-03,0.112
64215,STARLINK-34349 [+],4.508,61873,CZ-2C R/B [-],4.593,2026-08-10 07:36:54.797,0.233,13.009,1.466E-03,0.092
68500,ICEYE-X74 [+],7.494,36597,CZ-2D R/B [-],7.574,2026-08-13 15:50:31.592,0.233,8.938,6.742E-05,0.066
69321,GUOWANG TEST OBJECT B [+],5.893,69600,KUIPER-00517 [+],5.049,2026-08-11 03:14:50.030,0.233,0.912,8.141E-05,0.055
43711,SHIYAN-6 01 (SY-6 01) [+],2.812,53244,STARLINK-4125 [+],2.871,2026-08-09 03:23:33.280,0.234,5.741,2.274E-03,0.059
47366,STARLINK-2081 [+],5.306,60746,OBJECT B [+],4.980,2026-08-11 06:16:29.286,0.234,8.797,2.036E-03,0.066
56957,ION SCV-011 [+],2.856,60361,STARLINK-32227 [+],3.510,2026-08-09 02:45:49.467,0.235,11.325,1.722E-03,0.078
41603,LAPAN-A3 [+],6.092,60135,STARLINK-32043 [+],6.726,2026-08-12 09:43:03.719,0.236,11.612,1.664E-03,0.080
42838,LEMUR-2-ANDIS [+],4.816,60441,STARLINK-32177 [+],4.725,2026-08-11 00:52:17.766,0.236,14.737,9.953E-04,0.134
45189,STARLINK-1230 [P],3.811,51060,ETV-A1 [+],3.431,2026-08-09 16:45:56.898,0.236,12.924,1.445E-03,0.092
46459,JILIN-1 GAOFEN 3G [+],3.295,52579,STARLINK-3893 [+],3.084,2026-08-09 08:01:40.824,0.236,13.873,1.272E-03,0.105
53740,STARLINK-4607 [+],5.189,58899,LEMUR-2-NIMBUS2000 [+],5.295,2026-08-11 10:32:26.718,0.236,14.428,1.088E-03,0.122
56191,HAWK-7A [+],0.745,66582,STARLINK-35746 [+],1.256,2026-08-06 23:11:56.319,0.236,12.567,1.502E-03,0.089
57119,STARLINK-6150 [+],2.273,39133,AIST-2 (RS43) [-],2.153,2026-08-08 09:29:06.557,0.236,6.522,2.179E-03,0.061
58064,STARLINK-30587 [+],7.572,12388,COSMOS 1263 [?],6.497,2026-08-12 18:11:33.516,0.236,8.064,2.073E-03,0.064
61966,STARLINK-32498 [+],8.144,64889,OBJECT P [+],7.402,2026-08-13 16:19:02.757,0.236,14.256,1.129E-03,0.118
49021,NINGXIA-1 9 [+],3.168,2940,THOR BURNER 2 R/B [-],3.361,2026-08-09 11:23:21.230,0.238,9.088,4.271E-05,0.069
58589,STARLINK-31044 [+],2.374,54346,CZ-6A DEB [-],1.070,2026-08-07 07:58:42.043,0.238,9.931,1.860E-03,0.071
62612,GESAT GEN1 [+],1.955,67959,STARLINK-36834 [+],2.270,2026-08-08 04:08:43.152,0.238,12.557,1.487E-03,0.089
62670,FLOCK 4G-10 [+],3.065,67949,STARLINK-36863 [+],3.317,2026-08-09 06:30:17.508,0.238,12.212,1.543E-03,0.086
66158,STARLINK-35587 [+],3.238,69790,KUIPER-00647 [+],2.951,2026-08-09 04:50:10.673,0.238,1.414,2.341E-03,0.056
69950,STARLINK-37895 [+],5.141,12848,AUREOLE 3 [?],5.219,2026-08-11 09:22:43.059,0.238,9.339,6.413E-05,0.068
49137,STARLINK-3055 [+],1.925,39318,PEGASUS DEB [-],2.423,2026-08-08 05:28:52.940,0.239,13.298,1.314E-03,0.100
55763,STARLINK-5593 [+],3.993,40799,COSMOS 2251 DEB [-],7.253,2026-08-10 06:55:21.962,0.239,11.826,1.579E-03,0.083
53023,STARLINK-4284 [+],3.448,66712,FLOCK 4H-9 [P],3.487,2026-08-09 16:45:02.287,0.240,14.722,9.510E-04,0.138
61779,ALTAIR (RS65S) [+],3.570,66633,STARLINK-35948 [+],3.702,2026-08-09 20:42:32.197,0.240,8.398,1.973E-03,0.066
68882,KUIPER-00500 [+],5.847,39154,CZ-2D R/B [-],5.871,2026-08-12 01:14:44.041,0.240,14.455,3.285E-05,0.132
27939,MOZHAETS 4 (RS22) [+],6.400,39210,SHIJIAN-15 (SJ-15) [+],6.458,2026-08-12 17:36:58.218,0.241,14.897,2.729E-05,0.158
43766,SPAWAR-CAL-O [+],0.577,65751,STARLINK-35260 [+],0.964,2026-08-06 17:46:01.356,0.241,9.809,6.036E-05,0.071
44744,STARLINK-1039 [P],6.102,68851,STARLINK-37382 [+],6.041,2026-08-12 08:37:46.276,0.241,6.444,6.900E-03,0.062
58379,STARLINK-30882 [+],5.882,64875,REAL [+],5.435,2026-08-11 15:10:57.084,0.241,9.401,1.864E-03,0.070
60531,HYPSO-2 [+],7.119,67214,STARLINK-36203 [+],7.066,2026-08-13 07:41:43.421,0.241,14.847,8.695E-04,0.150
63724,KUIPER-00008 [+],1.778,29927,FENGYUN 1C DEB [-],1.752,2026-08-07 21:21:30.397,0.241,13.875,3.783E-05,0.114
64953,STARLINK-34701 [+],5.731,42180,COSMOS 1275 DEB [-],19.355,2026-08-11 21:51:58.776,0.241,15.175,7.698E-04,0.170
52935,DS-EO [+],3.629,68463,GARAI-B (UNAMUNO) [+],3.760,2026-08-09 21:34:35.541,0.242,10.713,5.628E-05,0.076
57174,OBJECT J [+],3.850,24529,PEGASUS DEB [-],4.091,2026-08-10 03:11:20.629,0.242,14.765,3.050E-05,0.141
59121,LYNK TOWER 5 [+],4.610,66582,STARLINK-35746 [+],4.834,2026-08-10 13:03:26.038,0.243,14.233,1.069E-03,0.121
64181,STARLINK-33917 [+],5.960,64882,OBJECT G [+],5.698,2026-08-11 23:02:53.451,0.243,12.079,1.506E-03,0.086
45721,HAIYANG-1D [+],4.694,24051,PEGASUS DEB [-],4.877,2026-08-10 23:14:26.695,0.244,14.928,2.467E-05,0.173
56157,OBJECT A [+],5.113,897,OPS 5798 (TRANSIT 5B-4) [?],5.272,2026-08-11 10:42:42.634,0.244,12.460,7.805E-05,0.097
64138,STARLINK-34129 [+],1.750,38765,RE [-],1.225,2026-08-07 00:21:51.668,0.244,7.279,1.998E-03,0.064
37765,SJ-11-02 [+],1.537,18510,SL-8 DEB [-],1.612,2026-08-07 19:21:45.116,0.245,14.699,2.797E-05,0.152
39260,FENGYUN 3C [+],2.631,37690,FENGYUN 1C DEB [-],5.004,2026-08-08 22:10:23.076,0.245,8.531,6.206E-05,0.069
42947,YAOGAN-30 02C [+],4.351,64859,STARLINK-34575 [+],4.223,2026-08-10 09:11:31.739,0.245,8.210,1.901E-03,0.067
58746,STARLINK-31181 [+],1.221,59122,NUSAT-44 (MARIA MITCHELL) [+],2.263,2026-08-06 17:46:13.966,0.245,9.357,1.812E-03,0.071
62651,FLOCK 4G-21 [P],1.525,65749,STARLINK-35288 [+],2.042,2026-08-07 18:07:15.964,0.245,7.977,6.385E-05,0.066
64851,STARLINK-34722 [+],5.230,34884,COSMOS 2251 DEB [-],5.099,2026-08-11 09:02:03.713,0.245,14.527,9.482E-04,0.135
65379,STARLINK-34985 [+],0.477,64653,CZ-6A DEB [-],0.618,2026-08-06 17:56:14.223,0.245,15.073,7.777E-04,0.165
69911,TRANSPORTER-17 OBJECT AU [+],4.446,28495,ESSAIM-2 [?],4.512,2026-08-10 17:24:17.906,0.245,1.240,7.306E-05,0.058
45419,STARLINK-1308 [P],6.366,62017,STARLINK-11343 [+],6.769,2026-08-12 12:12:41.053,0.246,10.464,5.578E-03,0.076
56816,STARLINK-6067 [+],3.322,61759,SITRO-AIS 19 [+],3.319,2026-08-09 14:08:02.329,0.246,13.085,1.275E-03,0.100
57760,BB3 [+],6.714,61300,CZ-6A DEB [-],7.131,2026-08-12 17:19:39.162,0.246,2.987,7.176E-05,0.059
62514,STARLINK-11514 [+],1.786,38248,RISAT-1 [-],1.149,2026-08-07 06:52:04.161,0.247,7.646,1.929E-03,0.066
39086,SARAL [+],6.484,56272,CZ-6A DEB [-],7.156,2026-08-12 17:34:40.122,0.248,14.485,2.855E-05,0.147
48662,STARLINK-2726 [P],5.839,57196,HORS 2 [+],5.679,2026-08-11 22:11:21.079,0.248,14.763,8.884E-04,0.143
56955,BLACKJACK ACES-2 [+],3.420,34006,COSMOS 2251 DEB [-],3.655,2026-08-09 12:55:47.114,0.248,3.597,6.993E-05,0.060
46275,ATHENA [+],6.721,69971,STARLINK-37922 [+],6.640,2026-08-12 21:21:06.569,0.249,13.865,3.728E-05,0.112
66017,STARLINK-35398 [+],2.524,12987,COSMOS 1328 [?],2.321,2026-08-08 13:51:01.987,0.249,9.504,1.744E-03,0.072
66658,COSMIC [+],2.794,66661,SNUGLITE-III [+],2.795,2026-08-09 01:41:06.187,0.249,0.003,6.935E-05,0.060
60513,FLOCK 4BE-27 [P],1.537,65471,STARLINK-34888 [+],2.254,2026-08-07 17:38:52.193,0.250,6.570,1.947E-03,0.065
62820,STARLINK-32844 [+],3.546,69763,KUIPER-00258 [+],3.528,2026-08-09 08:27:19.659,0.250,9.285,1.740E-03,0.072
48067,ONEWEB-0170 [+],3.292,33658,FENGYUN 1C DEB [-],3.907,2026-08-09 13:46:51.385,0.251,7.953,1.935E-04,0.069
64665,STARLINK-34555 [+],7.490,33939,COSMOS 2251 DEB [-],7.324,2026-08-13 14:35:36.646,0.251,13.667,1.138E-03,0.110
46047,STARLINK-1524 [+],2.833,66548,CZ-2C R/B [-],3.453,2026-08-08 21:27:29.723,0.252,11.402,1.492E-03,0.084
63239,TEVEL2-8 [+],3.440,69501,STARLINK-37843 [+],3.053,2026-08-09 01:56:12.030,0.252,13.488,3.819E-05,0.108
58903,LEMUR-2-CAEL [+],4.333,60505,FLOCK 4BE-24 [+],4.256,2026-08-10 10:59:20.532,0.253,13.527,3.805E-05,0.108
60479,TOMORROW-S1 [+],6.088,68019,STARLINK-36921 [+],6.473,2026-08-12 06:54:16.303,0.253,13.862,1.080E-03,0.115
61221,KINEIS-3D [+],1.099,25789,QUIKSCAT [-],0.987,2026-08-07 06:03:25.420,0.253,14.452,2.980E-05,0.138
64280,STARLINK-34359 [+],7.014,69768,KUIPER-00598 [+],7.291,2026-08-13 02:55:46.778,0.253,6.741,1.894E-03,0.066
66774,GENA-OT [+],6.712,68831,HJS-9A [+],6.738,2026-08-12 21:00:35.812,0.253,14.674,2.891E-05,0.142
53535,STARLINK-4138 [+],4.914,62616,INNOCUBE (TUBSAT-31) [+],4.941,2026-08-11 03:55:53.579,0.254,14.477,9.259E-04,0.134
56155,PIESAT C [+],3.616,56156,PIESAT D [+],3.616,2026-08-07 03:35:14.382,0.254,0.001,6.764E-05,0.061
58958,RAPTOR3 [+],3.739,21902,COSMOS 2181 [?],3.638,2026-08-09 21:52:50.458,0.254,11.118,9.161E-05,0.085
45578,STARLINK-1331 [P],2.606,100111,STARLINK-38115 [+],2.441,2026-08-08 17:40:39.889,0.255,14.793,2.892E-03,0.141
52560,STARLINK-3956 [+],0.585,54308,CZ-6A DEB [-],0.504,2026-08-06 17:42:15.790,0.255,14.091,9.880E-04,0.125
57014,OBJECT L [+],0.572,57186,CSTP 1.2 (STC 1.2) [+],0.572,2026-08-06 20:49:45.948,0.255,5.740,6.349E-05,0.064
28220,SHIYAN-1 (SY-1) [+],4.471,66621,STARLINK-35847 [+],4.424,2026-08-10 16:10:29.709,0.256,14.583,8.838E-04,0.139
52868,STARLINK-4261 [+],5.778,33687,FENGYUN 1C DEB [-],18.928,2026-08-12 00:40:04.454,0.256,13.111,1.192E-03,0.103
59117,CONTECSAT-1 [+],6.483,66223,STARLINK-35664 [+],6.503,2026-08-12 18:24:19.715,0.256,14.108,9.940E-04,0.124
67143,KUIPER-00191 [+],7.497,25860,OKEAN-O [?],7.399,2026-08-13 13:23:14.288,0.256,14.561,3.635E-04,0.146
39452,SWARM A [+],2.543,69945,STARLINK-37903 [+],2.654,2026-08-08 18:25:57.722,0.257,13.565,3.669E-05,0.110
54043,YAOGAN-36 02B [+],1.422,66215,STARLINK-35712 [+],1.407,2026-08-07 15:59:45.916,0.257,8.570,1.712E-03,0.071
59131,MESON-1 [+],2.262,66978,STARLINK-35787 [+],2.928,2026-08-08 09:23:46.977,0.257,12.570,1.267E-03,0.097
67411,STARLINK-36503 [+],7.363,67681,COSMOS 2607 [+],7.077,2026-08-13 05:42:57.319,0.257,13.957,1.023E-03,0.120
69296,STARLINK-37501 [+],5.639,69786,KUIPER-00639 [+],5.869,2026-08-11 16:25:09.372,0.258,14.515,8.888E-04,0.137
48117,STARLINK-2455 [+],4.419,48671,STARLINK-2745 [P],4.553,2026-08-10 14:52:16.753,0.259,3.866,6.340E-03,0.063
59657,STARLINK-31904 [+],7.471,54346,CZ-6A DEB [-],7.314,2026-08-13 13:50:57.600,0.259,12.065,1.326E-03,0.092
63118,STARLINK-32945 [+],6.226,63988,SCS-01 G [+],5.381,2026-08-11 15:16:39.394,0.259,10.683,1.490E-03,0.081
48328,STARLINK-2504 [+],1.007,33410,CZ-4B R/B [-],0.858,2026-08-07 00:32:44.786,0.260,14.717,8.273E-04,0.146
56153,PIESAT A [+],3.847,56154,PIESAT B [+],3.913,2026-08-07 09:08:18.651,0.260,0.001,2.218E-04,0.033
58817,SORAYA [+],1.443,36911,METEOR 2-5 DEB [-],2.476,2026-08-07 17:52:40.786,0.260,12.794,3.871E-05,0.104
63218,TEVEL2-3 [+],3.486,68260,STARLINK-37056 [+],4.039,2026-08-09 17:35:14.510,0.260,14.769,8.106E-04,0.149
52111,STARLINK-3708 [+],2.771,59680,OBJECT D [+],2.537,2026-08-08 19:36:01.046,0.261,14.735,8.127E-04,0.148
52744,GHGSAT-C5 [+],2.581,67873,STARLINK-36783 [+],2.598,2026-08-08 20:54:05.979,0.261,14.512,8.646E-04,0.139
49402,KOSEN-1 [+],5.495,63958,STARLINK-34144 [+],5.604,2026-08-11 13:33:39.649,0.262,12.752,1.193E-03,0.101
57087,STARLINK-6251 [+],4.915,60750,OBJECT F [+],4.658,2026-08-10 22:36:34.844,0.262,9.174,1.604E-03,0.075
58952,STARLINK-31293 [+],4.561,63239,TEVEL2-8 [+],4.606,2026-08-10 05:55:02.081,0.262,14.596,8.398E-04,0.143
58856,STARLINK-31244 [+],3.429,47041,FENGYUN 1C DEB [-],3.994,2026-08-09 09:34:45.133,0.263,14.322,8.959E-04,0.133
42957,IRIDIUM 122 [+],4.238,60685,CZ-6A DEB [-],4.266,2026-08-10 09:29:04.375,0.264,11.185,4.450E-05,0.088
45532,STARLINK-1338 [P],0.741,45700,STARLINK-1400 [P],0.747,2026-08-07 00:35:47.180,0.264,6.039,5.825E-03,0.067
55296,STARLINK-5285 [+],5.508,59107,BRO-13 [+],5.048,2026-08-11 08:23:51.782,0.264,3.644,1.864E-03,0.064
20580,HST [+],3.354,65405,STARLINK-34830 [+],3.133,2026-08-09 10:17:05.385,0.265,9.909,7.475E-03,0.079
51133,STARLINK-3356 [+],4.740,47423,TRANSPORTER-1 OBJECT L [-],4.099,2026-08-10 09:53:31.387,0.265,8.408,1.620E-03,0.073
53833,STARLINK-4771 [+],6.866,68794,KAKUSHIN RISING OBJECT C [+],6.612,2026-08-12 12:47:42.745,0.265,7.976,1.644E-03,0.072
67689,PRC TEST SPACECRAFT 4 [+],5.119,68494,ICEYE-X71 [+],5.501,2026-08-11 07:45:53.504,0.265,14.419,2.751E-05,0.142
68494,ICEYE-X71 [+],5.501,69673,CZ-2F DEB [-],5.119,2026-08-11 07:45:53.504,0.265,14.419,2.751E-05,0.142
37179,SHIJIAN-6 04A (SJ-6 04A) [+],5.883,60774,CZ-6A DEB [-],5.988,2026-08-12 04:41:56.194,0.266,5.347,5.880E-05,0.066
48865,COSMOS 2550 [+],6.983,66247,STARLINK-35481 [+],7.706,2026-08-13 06:46:24.079,0.266,2.283,1.863E-03,0.063
52674,STARLINK-3936 [P],0.477,69187,STARLINK-37209 [+],1.014,2026-08-06 17:26:52.675,0.266,11.838,4.246E-03,0.092
58359,STARLINK-30878 [P],3.078,62287,STARLINK-33546 [+],3.428,2026-08-09 09:47:34.177,0.266,9.702,4.948E-03,0.079
68491,LEMUR-2-DELOITTE-2 [+],3.537,23657,SICH-1 [?],3.063,2026-08-09 09:12:53.820,0.266,15.060,2.754E-04,0.185
51126,STARLINK-3386 [+],4.919,63833,HERMES-4 [+],4.906,2026-08-10 13:11:37.232,0.267,14.484,8.393E-04,0.141
55054,SKYKRAFT-1A [+],2.457,62039,STARLINK-32480 [+],2.544,2026-08-08 13:53:20.899,0.267,14.145,9.081E-04,0.130
64882,OBJECT G [+],6.316,66340,STARLINK-35218 [+],6.660,2026-08-12 13:51:57.404,0.267,13.712,9.933E-04,0.119
68624,STARLINK-37231 [+],3.121,47423,TRANSPORTER-1 OBJECT L [-],3.108,2026-08-09 10:06:15.344,0.267,14.699,7.768E-04,0.152
57870,STARLINK-30460 [+],2.117,62622,FLOCK 4G-9 [+],1.772,2026-08-07 23:55:16.571,0.268,13.976,9.364E-04,0.125
61230,OBJECT D [+],3.018,68729,STARLINK-37264 [+],3.152,2026-08-09 07:27:19.370,0.268,14.405,8.482E-04,0.138
69636,CENTISPACE-1 GROUP 05 OBJECT J [+],4.115,29817,FENGYUN 1C DEB [-],3.898,2026-08-10 02:24:42.309,0.268,13.082,3.436E-05,0.113
53687,STARLINK-4569 [+],1.338,40017,TABLETSAT-AURORA [-],1.328,2026-08-07 14:07:05.975,0.269,14.872,7.224E-04,0.162
60393,QIANFAN-15 [+],6.911,40646,NIMBUS 2 DEB [-],7.355,2026-08-12 23:54:37.783,0.269,14.194,2.475E-05,0.156
63652,STARLINK-33663 [+],7.352,29538,CZ-4B DEB [-],7.048,2026-08-12 21:22:48.950,0.269,14.305,2.839E-05,0.136
56153,PIESAT A [+],4.244,56154,PIESAT B [+],4.310,2026-08-07 18:40:01.313,0.270,0.002,2.218E-04,0.033
60030,STARLINK-32011 [+],1.441,67587,CZ-2C DEB [-],1.135,2026-08-07 07:53:14.515,0.270,14.477,8.253E-04,0.141
37214,FENGYUN 3B [+],3.394,6392,METEOR 1-14 [?],3.494,2026-08-09 16:42:35.422,0.271,4.642,6.778E-04,0.067
43613,ICESAT-2 [+],6.418,66465,STARLINK-35448 [+],6.503,2026-08-12 15:57:13.957,0.272,14.055,2.951E-05,0.130
62651,FLOCK 4G-21 [P],0.620,66100,STARLINK-35609 [+],0.781,2026-08-06 20:24:45.879,0.273,14.764,7.339E-04,0.157
69912,TRANSPORTER-17 OBJECT AV [+],4.143,30982,FENGYUN 1C DEB [-],4.187,2026-08-10 10:04:19.976,0.273,10.645,4.428E-05,0.086
44358,FORMOSAT 7-5 [+],6.088,55764,STARLINK-5499 [+],6.104,2026-08-12 08:40:52.578,0.274,7.444,1.570E-03,0.073
46275,ATHENA [+],2.813,61786,SITRO-AIS 38 [+],2.702,2026-08-08 23:34:34.859,0.274,15.132,2.129E-05,0.178
55763,STARLINK-5593 [+],4.555,60552,SATELIOT_3 [+],4.688,2026-08-10 20:23:53.517,0.274,10.346,1.355E-03,0.085
66840,STARLINK-35837 [+],5.316,68595,KUIPER-00296 [+],5.365,2026-08-11 14:45:32.392,0.274,4.208,1.709E-03,0.067
68019,STARLINK-36921 [+],0.982,68874,KUIPER-00476 [+],0.812,2026-08-06 19:07:13.458,0.274,14.645,7.605E-04,0.151
51947,OBJECT B [+],1.916,53201,STARLINK-4405 [P],1.981,2026-08-08 03:31:52.295,0.275,15.035,6.650E-04,0.172
52335,STARLINK-3814 [+],4.494,42832,OBJECT H [-],4.751,2026-08-10 18:29:24.013,0.275,14.080,8.516E-04,0.134
52583,STARLINK-3895 [+],6.850,62673,LEO EXPRESS 2 [+],6.941,2026-08-13 02:23:52.435,0.275,14.570,7.595E-04,0.151
66248,STARLINK-35416 [+],4.032,69320,GUOWANG TEST OBJECT A [+],13.615,2026-08-10 00:46:45.678,0.275,11.749,1.214E-03,0.094
68415,TIANSHI-01 [+],1.088,26432,CZ-4B DEB [-],1.155,2026-08-07 07:35:04.843,0.275,15.097,1.994E-05,0.190
42945,YAOGAN-30 02A [+],4.894,65057,STARLINK-34745 [+],4.779,2026-08-10 23:24:28.437,0.276,12.590,1.092E-03,0.104
58660,TIANMU-1 19 [+],4.720,68163,STARLINK-36958 [+],4.713,2026-08-11 00:58:52.651,0.276,11.269,1.259E-03,0.091
58817,SORAYA [+],2.193,40998,IRIDIUM 33 DEB [-],5.418,2026-08-08 11:51:54.134,0.276,3.977,5.625E-05,0.067
42841,LEMUR-2-PETERG [+],5.463,62862,STARLINK-32864 [+],5.587,2026-08-11 16:42:57.209,0.277,10.344,1.339E-03,0.085
52348,STARLINK-3829 [+],5.060,54690,JILIN-1 GAOFEN 03D50 [+],4.987,2026-08-11 07:27:05.763,0.277,14.763,7.158E-04,0.159
58798,STARLINK-31168 [+],0.571,61905,OBJECT M [+],0.515,2026-08-06 18:46:22.671,0.277,12.111,1.153E-03,0.099
59121,LYNK TOWER 5 [+],3.457,66618,STARLINK-35970 [+],3.307,2026-08-09 09:22:21.309,0.277,14.332,8.034E-04,0.141
43260,GAOFEN-1 03 [+],3.232,60626,CZ-6A DEB [-],3.359,2026-08-09 12:33:40.857,0.278,3.047,5.592E-05,0.067
49264,CUPID [+],5.739,63789,STARLINK-33875 [+],6.250,2026-08-11 22:51:00.759,0.278,7.640,1.515E-03,0.075
53471,STARLINK-4316 [+],6.942,69786,KUIPER-00639 [+],7.446,2026-08-13 06:17:02.990,0.278,8.726,1.456E-03,0.078
68489,LEMUR-2-CARROLLEMO [+],4.644,68492,LEMUR-2-EMARCHIA [+],4.911,2026-08-10 22:46:53.220,0.278,0.006,5.729E-05,0.065
41784,PISAT [+],0.731,81683,UNKNOWN [-],1.219,2026-08-06 17:36:51.099,0.279,14.963,1.922E-05,0.194
43024,JILIN-1 06 [+],0.980,62871,STARLINK-32814 [+],1.008,2026-08-07 05:40:29.733,0.279,14.764,7.081E-04,0.159
47841,STARLINK-2433 [+],5.454,64095,COSMOS 2588 [+],6.012,2026-08-11 17:40:27.989,0.279,13.284,9.814E-04,0.115
58276,GENMAT-1 [+],6.558,64758,STARLINK-34593 [+],6.428,2026-08-12 17:46:53.695,0.279,9.511,1.385E-03,0.081
64557,CONNECTA IOT-11 [+],3.039,69005,GEN1A-2 [+],3.113,2026-08-09 08:32:00.715,0.279,14.276,2.655E-05,0.141
40015,HODOYOSHI-3 [+],6.751,41209,NOAA 16 DEB [-],7.595,2026-08-12 18:48:35.019,0.280,11.393,3.950E-05,0.094
59912,TIANQI-28 [+],5.463,56266,CZ-6A DEB [-],5.742,2026-08-11 15:37:15.284,0.280,14.105,2.493E-05,0.149
47486,CELESTIS-17 & SHERPA-FX1 [+],7.573,52113,STARLINK-3736 [+],7.657,2026-08-13 16:08:47.361,0.281,14.764,6.979E-04,0.161
63254,YAM-8 [+],2.496,29507,CZ-4B R/B [-],2.097,2026-08-08 04:26:07.914,0.281,14.223,2.603E-05,0.142
57366,STARLINK-6174 [+],1.263,58703,TIANMU-1 18 [+],0.943,2026-08-07 06:07:53.977,0.282,9.760,1.333E-03,0.083
63217,TEVEL2-1 [+],5.310,64668,STARLINK-34395 [+],5.437,2026-08-11 13:32:24.527,0.282,5.777,1.560E-03,0.071
42841,LEMUR-2-PETERG [+],3.834,65933,STARLINK-35192 [+],3.824,2026-08-10 01:38:03.700,0.283,13.289,9.513E-04,0.117
57707,STARLINK-30327 [P],1.208,69758,STARLINK-38066 [+],1.208,2026-08-07 10:59:13.819,0.283,12.794,3.393E-03,0.108
59121,LYNK TOWER 5 [+],1.282,67054,STARLINK-35754 [+],1.683,2026-08-07 05:11:07.691,0.283,11.262,1.196E-03,0.093
63984,SCS-01 C [+],1.628,66695,IRIDE FM1 [+],1.693,2026-08-07 21:33:46.755,0.283,0.192,5.520E-05,0.067
65608,STARLINK-35185 [+],2.068,38246,BREEZE-M DEB [-],1.970,2026-08-08 05:36:36.513,0.283,10.294,1.365E-03,0.081
47971,GLOBAL-9 [+],4.646,62691,TRANSPORTER-12 OBJECT CL [+],4.714,2026-08-10 22:13:10.917,0.284,6.805,4.979E-05,0.074
47981,STARLINK-2303 [+],4.818,57217,KUZGTU 1 (RS47S) [+],4.241,2026-08-10 11:45:42.630,0.284,8.064,1.434E-03,0.077
52871,STARLINK-4207 [+],4.138,51103,CZ-2D R/B [-],4.127,2026-08-10 09:18:26.373,0.284,10.620,1.254E-03,0.088
58288,ICEYE-X31 [+],5.855,65887,STARLINK-35332 [+],6.305,2026-08-12 02:51:00.043,0.284,9.355,1.349E-03,0.082
64255,STARLINK-34211 [+],4.323,31305,PEGASUS R/B [-],4.389,2026-08-10 06:45:16.568,0.284,7.975,1.440E-03,0.077
69193,STARLINK-36666 [+],5.200,23606,CERISE [?],5.054,2026-08-11 05:26:16.006,0.284,14.211,7.134E-04,0.140
59775,OBJECT C [+],6.040,62040,STARLINK-32510 [+],6.292,2026-08-12 08:34:24.859,0.285,12.307,1.068E-03,0.103
51653,ONEWEB-0473 [+],5.723,60611,COSMOS 2499 DEB [-],7.669,2026-08-11 21:57:32.377,0.286,14.442,5.996E-05,0.196
53600,STARLINK-4677 [+],3.491,63219,TEVEL2-2 [+],4.099,2026-08-09 18:24:07.767,0.286,14.424,7.386E-04,0.149
60341,STARLINK-32185 [+],4.976,62639,FLOCK 4G-3 [+],4.667,2026-08-10 21:30:26.902,0.286,13.800,8.521E-04,0.129
64582,IRIDE-MS2-HEO-4 [+],0.851,68996,ICEYE-X82 [+],0.859,2026-08-07 03:12:33.865,0.286,14.177,2.505E-05,0.145
48641,STARLINK-2754 [+],3.747,57193,SITRO-AIS 8 (ANOKHIN) [+],3.528,2026-08-09 19:37:06.072,0.287,14.682,6.814E-04,0.161
57507,STARLINK-30219 [P],7.358,67513,STARLINK-36531 [+],7.638,2026-08-13 14:58:15.598,0.287,5.088,5.059E-03,0.071
40024,NANOSATC-BR1 [+],3.210,67809,STARLINK-36795 [+],3.023,2026-08-09 07:24:40.350,0.288,14.611,6.927E-04,0.157
56449,STARLINK-5993 [+],3.398,66787,LEMUR-2-MYRA [+],3.440,2026-08-09 13:55:08.404,0.288,15.005,5.735E-04,0.191
61597,ONEWEB-0689 [+],6.808,270186,UNKNOWN [-],9.724,2026-08-12 23:21:56.530,0.288,3.341,5.205E-05,0.069
62388,GITAI-SC1 [+],4.697,45840,FREGAT DEB [-],5.167,2026-08-10 05:57:44.562,0.288,11.545,3.870E-05,0.093
68851,STARLINK-37382 [+],2.514,69787,KUIPER-00641 [+],2.997,2026-08-08 19:59:58.739,0.288,14.685,6.764E-04,0.161
69892,ICEYE-X77 [+],2.398,69921,TRANSPORTER-17 OBJECT BE [+],2.398,2026-08-08 15:39:22.027,0.288,0.001,5.285E-05,0.068
41857,YUNHAI-1 01 [+],6.099,31467,FENGYUN 1C DEB [-],6.581,2026-08-12 09:52:05.115,0.289,14.364,2.255E-05,0.160
57193,SITRO-AIS 8 (ANOKHIN) [+],4.609,58711,STARLINK-31031 [+],4.604,2026-08-10 21:34:10.714,0.289,8.746,1.346E-03,0.081
62764,STARLINK-33579 [+],2.829,47937,OBJECT F [-],2.617,2026-08-08 22:01:58.281,0.290,14.267,7.489E-04,0.145
100237,OBJECT A [+],3.011,100238,OBJECT B [+],3.011,2026-08-08 20:45:51.983,0.290,0.001,5.068E-05,0.071
47625,STARLINK-1704 [P],1.568,100120,STARLINK-38120 [+],1.681,2026-08-07 21:37:33.689,0.291,14.868,2.164E-03,0.165
54097,STARLINK-5197 [+],4.760,68201,OBJECT D [+],4.361,2026-08-10 12:59:55.492,0.291,7.450,1.391E-03,0.078
65081,STARLINK-34561 [+],1.567,13121,SL-3 R/B [-],1.276,2026-08-07 13:01:03.683,0.291,14.054,9.801E-04,0.138
53290,STARLINK-4149 [+],5.342,59810,OBJECT A [+],5.272,2026-08-11 14:16:29.139,0.292,11.381,1.106E-03,0.097
55924,STARLINK-5849 [+],4.975,35905,COSMOS 2251 DEB [-],5.926,2026-08-11 06:11:46.972,0.292,14.392,6.968E-04,0.155
58509,STARLINK-31020 [P],3.017,63148,STARLINK-32937 [+],3.489,2026-08-09 01:36:35.595,0.292,7.619,4.550E-03,0.078
64517,KUIPER-00057 [+],7.634,34619,COSMOS 2251 DEB [-],7.064,2026-08-13 03:16:02.850,0.292,13.382,2.860E-05,0.125
69925,TRANSPORTER-17 OBJECT BJ [+],0.617,69927,REPLICATOR 2 [+],0.617,2026-08-06 19:10:56.448,0.292,0.001,5.172E-05,0.069
43613,ICESAT-2 [+],7.393,57347,STARLINK-6378 [+],7.691,2026-08-13 15:21:18.994,0.293,13.499,8.569E-04,0.125
43796,THEA [+],1.814,58377,STARLINK-30914 [+],2.200,2026-08-07 23:43:02.442,0.293,10.812,1.157E-03,0.093
49416,STARLINK-3133 [+],6.622,57023,OBJECT V [+],5.909,2026-08-12 04:00:11.517,0.293,11.301,1.115E-03,0.096
55629,STARLINK-5497 [+],3.734,59105,PE2_FLT1 (TYVAK-0261) [+],3.713,2026-08-10 00:30:01.498,0.293,15.043,5.468E-04,0.197
57038,OBJECT AL [+],0.921,62321,STARLINK-32645 [+],0.932,2026-08-07 05:13:09.838,0.293,13.689,8.302E-04,0.129
62241,QIANFAN-40 [+],1.825,4970,THORAD AGENA D DEB [-],2.612,2026-08-08 01:29:48.310,0.293,14.502,1.815E-05,0.196
58509,STARLINK-31020 [P],5.538,66596,STARLINK-35811 [+],6.003,2026-08-11 14:06:16.812,0.294,4.701,4.857E-03,0.073
67088,STARLINK-35882 [+],6.329,54149,GSLV R/B [-],5.925,2026-08-12 03:57:30.588,0.294,13.560,8.242E-04,0.130
43159,JILIN-1 07 [+],3.851,49139,STARLINK-3057 [+],3.802,2026-08-10 03:15:29.211,0.295,4.322,1.476E-03,0.072
47780,STARLINK-2213 [+],1.933,60461,YAOGAN-43 01D [+],1.938,2026-08-08 05:44:53.567,0.295,4.352,1.476E-03,0.072
62183,STARLINK-32589 [+],7.499,64898,SKYKRAFT-4D [+],7.565,2026-08-13 16:32:31.534,0.295,14.846,1.941E-05,0.182
64883,OBJECT H [+],1.347,67955,STARLINK-36872 [+],1.623,2026-08-07 14:37:18.658,0.295,13.319,8.695E-04,0.123
38764,CINEMA [+],6.380,45570,STARLINK-1376 [P],6.700,2026-08-12 15:52:54.661,0.296,13.073,9.012E-04,0.118
58559,YAOGAN-39 05C [+],1.990,35929,IRIDIUM 33 DEB [-],6.187,2026-08-07 10:37:28.549,0.296,9.739,4.021E-05,0.087
61709,STARLINK-32314 [+],5.096,64881,239ALFEROV (RS61S) [+],4.901,2026-08-11 03:58:08.517,0.296,11.247,1.098E-03,0.097
48106,STARLINK-2442 [+],1.014,62380,BANDWAGON-2 OBJECT D [+],1.563,2026-08-07 03:55:03.525,0.297,11.406,1.075E-03,0.099
53685,STARLINK-4626 [+],3.013,100135,OBJECT G [+],2.928,2026-08-09 04:53:27.651,0.297,14.677,6.199E-04,0.171
61664,STARLINK-32301 [+],1.469,63237,TEVEL2-9 [+],1.274,2026-08-07 12:09:34.568,0.297,5.772,1.408E-03,0.075
40977,SINOD-D 3 [+],4.889,66055,OBJECT C [+],4.821,2026-08-10 23:50:32.726,0.298,15.063,1.830E-05,0.191
51144,STARLINK-3185 [+],3.969,62382,HAWK-11A [+],3.704,2026-08-09 14:31:17.726,0.298,3.213,1.470E-03,0.072
57180,MONITOR-3 (RS58S) [+],2.946,57417,STARLINK-30043 [+],3.236,2026-08-09 03:59:05.162,0.298,14.352,6.923E-04,0.152
57246,STARLINK-5049 [+],5.785,14818,SL-8 DEB [-],5.135,2026-08-11 05:14:26.126,0.298,4.100,1.451E-03,0.073
59117,CONTECSAT-1 [+],4.142,69158,STARLINK-37363 [+],4.869,2026-08-10 10:13:10.030,0.298,12.353,9.697E-04,0.109
68352,CENTISPACE-2 S3 [+],3.855,68356,CENTISPACE-2 S7 [+],3.094,2026-08-09 04:57:04.254,0.298,0.007,4.979E-05,0.070
41920,IRIDIUM 102 [+],6.607,61164,CZ-6A DEB [-],7.326,2026-08-12 21:32:35.585,0.299,14.764,1.746E-05,0.199
45665,STARLINK-1448 [P],3.773,58992,ADRAS-J [+],3.782,2026-08-10 01:07:13.723,0.299,13.104,8.955E-04,0.117
59939,STARLINK-31955 [+],6.200,62612,GESAT GEN1 [+],5.666,2026-08-11 21:12:47.548,0.299,13.319,8.464E-04,0.124
62965,STARLINK-32836 [+],4.246,63993,SCS-01 M [+],9.401,2026-08-10 13:08:41.006,0.299,9.339,1.219E-03,0.086
66192,STARLINK-34937 [+],7.083,61402,CZ-6A DEB [-],6.409,2026-08-12 14:53:42.358,0.299,10.467,1.141E-03,0.092
41921,IRIDIUM 105 [+],3.457,31294,FENGYUN 1C DEB [-],5.014,2026-08-09 16:57:50.472,0.300,14.935,1.648E-05,0.210
53491,STARLINK-4450 [P],3.433,69677,STARLINK-38005 [+],3.631,2026-08-09 17:56:12.265,0.300,9.749,3.889E-03,0.089
40042,POLYITAN-1 [+],1.069,68732,STARLINK-37167 [+],0.986,2026-08-07 03:35:01.799,0.301,15.054,5.432E-04,0.192
54187,STARLINK-5240 [+],4.969,62651,FLOCK 4G-21 [P],4.979,2026-08-11 05:01:24.553,0.301,10.202,1.146E-03,0.091
40716,DMC3-FM2 [+],4.358,27859,PEGASUS R/B [-],4.824,2026-08-10 14:58:12.387,0.302,11.837,3.257E-05,0.106
52707,STARLINK-4007 [+],3.012,69589,SPACEMOBILE-008 [+],3.298,2026-08-09 04:28:01.078,0.302,11.622,1.012E-03,0.103
55789,STARLINK-5815 [+],2.003,56310,TELEOS-2 [+],2.066,2026-08-08 06:38:29.576,0.302,7.579,1.292E-03,0.081
59871,STARLINK-31937 [+],4.150,66748,UMBRA-11 [+],3.864,2026-08-10 00:46:25.984,0.302,14.319,6.817E-04,0.153
61056,STARLINK-11156 [P],4.278,61543,STARLINK-11364 [+],3.458,2026-08-09 18:21:18.468,0.302,7.458,4.266E-03,0.080
68476,LEMUR-2-JULIA-JOEL [+],0.922,68999,FOREST-18 (MANGOSHRIKHAND) [+],0.787,2026-08-07 01:37:28.314,0.302,7.599,4.264E-05,0.081
56155,PIESAT C [+],3.683,56156,PIESAT D [+],3.683,2026-08-07 05:11:32.460,0.303,0.001,6.764E-05,0.061
57665,STARLINK-30298 [+],1.545,58469,ION SCV-015 [+],1.543,2026-08-07 20:40:35.318,0.303,10.946,1.069E-03,0.097
58502,OBJECT A [+],4.243,59961,STARLINK-31993 [+],4.654,2026-08-10 12:55:02.604,0.303,14.748,6.015E-04,0.172
64900,CO3D 3 [+],0.889,69009,CAS500-2 RIDESHARE OBJECT AF [+],0.920,2026-08-07 04:02:04.268,0.303,15.088,1.711E-05,0.201
65394,STARLINK-35058 [+],4.340,56583,CZ-6A DEB [-],4.828,2026-08-10 12:43:52.478,0.303,14.018,7.186E-04,0.145
69154,STARLINK-37235 [+],1.817,41307,NOAA 16 DEB [-],1.277,2026-08-07 09:06:50.462,0.303,14.634,6.202E-04,0.167
69322,GUOWANG TEST OBJECT C [+],6.608,69602,KUIPER-00522 [+],3.881,2026-08-10 00:36:59.374,0.303,0.876,4.815E-05,0.071
39446,UWE-3 [+],4.897,64952,STARLINK-34744 [+],4.601,2026-08-10 18:28:17.630,0.304,11.237,1.032E-03,0.100
59100,ICEYE-X38 [+],3.357,61102,CZ-6A DEB [-],3.609,2026-08-09 16:03:04.456,0.304,13.881,2.430E-05,0.141
61901,OBJECT H [+],5.402,67606,STARLINK-35843 [+],5.530,2026-08-11 16:50:58.949,0.304,1.847,1.436E-03,0.072
48401,STARLINK-2571 [+],5.634,51948,OBJECT C [+],5.146,2026-08-11 10:48:23.633,0.305,10.753,1.074E-03,0.096
59353,STARLINK-31413 [+],4.952,31305,PEGASUS R/B [-],4.883,2026-08-10 18:36:17.081,0.305,11.058,1.047E-03,0.099
61555,QIANFAN-22 [P],2.912,30683,FENGYUN 1C DEB [-],4.621,2026-08-09 03:35:35.365,0.305,14.614,1.682E-05,0.203
63301,KINEIS-4C [+],4.437,33839,COSMOS 2251 DEB [-],4.569,2026-08-10 17:14:24.997,0.305,12.980,2.774E-05,0.123
65194,STARLINK-34926 [P],5.100,69304,STARLINK-37731 [+],5.242,2026-08-11 06:25:21.947,0.305,14.809,1.926E-03,0.177
55045,CONTINUUM-1 [+],2.587,68669,STARLINK-37302 [+],2.603,2026-08-08 19:57:16.102,0.306,15.042,5.230E-04,0.196
69689,STARLINK-37979 [+],5.313,46915,PSLV R/B [-],6.001,2026-08-11 13:30:16.366,0.306,14.063,7.078E-04,0.145
56508,STARLINK-5335 [+],5.996,61870,OBJECT B [+],5.807,2026-08-12 02:08:49.990,0.307,12.893,8.540E-04,0.120
56960,ORBITER SN3 [+],4.669,69167,STARLINK-37474 [+],4.674,2026-08-10 23:50:35.558,0.307,12.574,8.903E-04,0.115
61736,IONOSFERA-M 2 [+],2.539,60972,CZ-6A DEB [-],2.695,2026-08-08 20:07:28.703,0.307,14.837,1.607E-05,0.211
61739,SITRO-AIS 21 [+],1.219,68478,FOSSASAT-2E25 [+],1.629,2026-08-07 11:35:46.280,0.307,13.187,2.662E-05,0.127
45060,STARLINK-1166 [P],1.484,62591,STARLINK-11420 [+],2.051,2026-08-07 18:51:36.408,0.308,3.837,4.475E-03,0.075
56866,OBJECT W [+],0.616,69771,KUIPER-00611 [+],0.629,2026-08-06 21:05:39.887,0.308,14.273,2.192E-05,0.154
42841,LEMUR-2-PETERG [+],1.038,68061,STARLINK-36915 [+],0.972,2026-08-07 06:31:33.687,0.309,6.289,1.290E-03,0.079
53553,STARLINK-4501 [+],2.679,61432,CZ-6A DEB [-],2.548,2026-08-08 17:01:17.089,0.309,14.314,6.463E-04,0.158
57404,STARLINK-30240 [+],4.910,62616,INNOCUBE (TUBSAT-31) [+],4.680,2026-08-10 21:40:57.940,0.309,14.102,6.866E-04,0.148
56155,PIESAT C [+],3.547,56156,PIESAT D [+],3.547,2026-08-07 01:56:16.734,0.310,0.000,6.764E-05,0.061
58359,STARLINK-30878 [P],6.750,66854,STARLINK-36087 [+],7.079,2026-08-13 01:55:31.196,0.310,0.972,4.558E-03,0.073
62634,FLOCK 4G-28 [P],5.662,68327,STARLINK-37199 [+],5.984,2026-08-11 20:11:14.323,0.310,7.256,1.242E-03,0.082
63210,JINJUSAT-1B [+],6.906,65213,STARLINK-34907 [+],6.964,2026-08-13 03:22:20.918,0.310,6.265,1.276E-03,0.079
65194,STARLINK-34926 [P],3.997,68213,STARLINK-37116 [+],3.932,2026-08-10 03:55:54.186,0.310,0.632,4.540E-03,0.073
33446,YAOGAN-4 [+],0.758,56727,IRIDIUM 177 [+],1.777,2026-08-07 01:09:14.051,0.311,14.647,1.835E-05,0.182
52692,STARLINK-3993 [+],3.127,33312,RAPIDEYE 2 [-],3.266,2026-08-09 07:49:44.935,0.311,9.719,1.102E-03,0.092
60390,QIANFAN-12 [+],5.692,36682,FENGYUN 1C DEB [-],9.026,2026-08-11 22:06:51.964,0.311,14.489,1.596E-05,0.210
64681,STARLINK-34553 [+],4.044,54256,MINOTAUR 4 DEB [-],5.294,2026-08-10 02:59:28.142,0.311,11.587,9.658E-04,0.105
69493,STARLINK-37855 [+],6.292,69786,KUIPER-00639 [+],6.781,2026-08-12 14:18:43.829,0.311,14.485,2.041E-05,0.164
69992,STARLINK-38071 [+],3.527,100111,STARLINK-38115 [+],3.300,2026-08-09 14:17:01.749,0.311,15.265,1.618E-03,0.206
43159,JILIN-1 07 [+],4.358,68248,STARLINK-36997 [+],4.938,2026-08-10 15:25:07.631,0.312,8.823,1.146E-03,0.088
52112,STARLINK-3734 [P],1.265,57178,CUBESX-HSE 3 (RS42S) [+],1.237,2026-08-07 12:20:58.249,0.312,14.681,5.771E-04,0.175
52365,STARLINK-3874 [+],3.550,65259,OBJECT A [+],3.685,2026-08-09 19:11:42.763,0.312,13.604,7.423E-04,0.136
67930,STARLINK-36865 [+],4.905,33687,FENGYUN 1C DEB [-],18.056,2026-08-11 03:43:46.351,0.312,14.361,6.299E-04,0.160
69397,QIANFAN-180 [+],1.823,36418,CZ-4C DEB [-],1.604,2026-08-07 21:42:45.068,0.312,12.662,2.613E-05,0.128
45625,GAOFEN-9 02 [+],4.563,56014,STARLINK-5942 [+],4.630,2026-08-10 21:45:18.623,0.313,13.203,7.878E-04,0.128
53389,STARLINK-4523 [+],2.982,66715,FLOCK 4H-12 [P],3.035,2026-08-09 05:34:27.922,0.313,13.817,7.042E-04,0.143
62613,FLOCK 4G-8 [+],1.150,66083,STARLINK-35291 [+],1.020,2026-08-07 07:50:32.427,0.313,7.057,1.222E-03,0.082
52994,STARLINK-4256 [+],3.627,69782,KUIPER-00627 [+],3.900,2026-08-09 17:29:04.045,0.314,6.138,1.248E-03,0.080
62704,FIREFLY-2 [+],0.617,60621,CZ-6A DEB [-],0.762,2026-08-06 21:30:07.400,0.314,4.304,4.303E-05,0.077
61512,STARLINK-32201 [+],3.577,61901,OBJECT H [+],3.366,2026-08-09 16:00:11.554,0.315,14.620,5.782E-04,0.173
69972,CHUANG XIN 26 (CX-26) [+],5.417,8835,SSU 1 [?],5.448,2026-08-11 13:29:31.489,0.315,5.953,4.122E-05,0.080
51948,OBJECT C [+],1.345,41140,NOAA 16 DEB [-],2.103,2026-08-07 15:34:05.955,0.316,5.132,4.200E-05,0.079
55961,STARLINK-5933 [+],4.409,61789,SITRO-AIS 17 [+],4.439,2026-08-10 16:41:55.087,0.316,15.052,4.667E-04,0.213
56410,STARLINK-6281 [P],4.731,57870,STARLINK-30460 [+],4.913,2026-08-10 19:01:01.044,0.316,7.892,3.841E-03,0.085
58006,STARLINK-30526 [P],5.439,68618,STARLINK-37179 [+],4.699,2026-08-10 23:39:37.229,0.316,14.346,2.052E-03,0.160
39430,GOMX-1 [+],6.074,11427,SL-8 R/B [-],6.481,2026-08-12 07:19:43.318,0.317,9.500,1.734E-04,0.093
56153,PIESAT A [+],3.781,56154,PIESAT B [+],3.847,2026-08-07 07:32:53.911,0.317,0.001,2.218E-04,0.033
62219,STARLINK-11490 [+],2.047,100020,STARLINK-38032 [+],1.550,2026-08-07 20:52:44.234,0.317,11.650,3.069E-03,0.107
63430,HJS-6C [+],4.956,66294,SEMI-1L [+],4.745,2026-08-11 00:45:00.610,0.318,4.090,4.220E-05,0.078
28220,SHIYAN-1 (SY-1) [+],1.734,49419,STARLINK-3120 [+],1.937,2026-08-07 22:29:14.157,0.319,7.124,1.178E-03,0.084
42804,IRIDIUM 123 [+],4.732,31945,FENGYUN 1C DEB [-],4.842,2026-08-11 00:55:08.916,0.319,3.353,4.233E-05,0.077
52792,GEESAT-1 08 [+],4.087,37118,COSMOS 2251 DEB [-],4.217,2026-08-10 06:00:06.410,0.319,3.612,4.228E-05,0.077
55644,STARLINK-5502 [+],7.397,60014,OBJECT C [+],7.324,2026-08-13 15:42:15.053,0.319,14.563,5.507E-04,0.179
56410,STARLINK-6281 [P],3.195,57870,STARLINK-30460 [+],3.376,2026-08-09 06:08:21.893,0.319,7.883,3.767E-03,0.086
69668,STARLINK-37930 [+],1.218,43534,CZ-2C DEB [-],1.032,2026-08-07 07:23:13.602,0.319,14.646,5.561E-04,0.178
40024,NANOSATC-BR1 [+],7.398,64113,STARLINK-33839 [+],7.257,2026-08-13 11:56:14.383,0.320,12.818,7.951E-04,0.124
42842,LEMUR-2-DEMBITZ [+],5.739,46060,STARLINK-1572 [+],5.670,2026-08-11 18:34:11.824,0.320,9.561,1.051E-03,0.094
61614,TIANPING 3A-01 [+],2.550,61616,TIANPING 3B-02 [+],1.617,2026-08-07 11:03:29.869,0.320,0.002,8.376E-05,0.054
55926,STARLINK-5921 [+],2.584,54888,CZ-6A DEB [-],2.576,2026-08-08 20:36:35.355,0.321,8.805,1.080E-03,0.091
59019,STARLINK-31436 [+],6.100,43771,OBJECT P [-],5.986,2026-08-12 02:26:34.935,0.321,14.266,6.114E-04,0.160
61746,COLIBRI-S (RS67S) [+],6.981,16625,USA 17 [?],7.223,2026-08-13 05:54:26.020,0.321,15.082,1.778E-05,0.182
65863,STARLINK-35469 [+],7.245,68634,AGGIESAT6 (AGS6) [+],6.886,2026-08-12 22:42:01.391,0.321,3.745,1.259E-03,0.078
47844,STARLINK-2446 [P],6.474,53564,STARLINK-4577 [+],6.834,2026-08-12 18:15:37.445,0.322,12.206,2.786E-03,0.116
69368,STARLINK-37687 [+],5.907,100034,STARLINK-37917 [+],5.469,2026-08-11 17:27:05.024,0.322,11.591,2.980E-03,0.108
52991,STARLINK-4285 [+],0.722,64540,ARCSTONE [+],0.550,2026-08-06 20:13:47.755,0.323,14.676,5.412E-04,0.180
58218,STARLINK-30794 [+],6.565,64878,INNOSAT 16 (RS92S7) [+],6.299,2026-08-12 12:56:47.299,0.323,14.152,6.221E-04,0.157
61063,STARLINK-32350 [+],1.960,66703,PELICAN-6 [+],1.793,2026-08-07 23:29:25.985,0.323,14.735,5.292E-04,0.184
63645,STARLINK-33835 [+],7.405,64092,OBJECT F [+],6.485,2026-08-12 18:26:13.366,0.323,11.808,2.885E-05,0.112
64664,STARLINK-34464 [+],2.261,12987,COSMOS 1328 [?],2.126,2026-08-08 09:09:01.827,0.323,7.494,1.134E-03,0.086
69991,STARLINK-38042 [+],5.591,100120,STARLINK-38120 [+],5.490,2026-08-11 17:02:29.693,0.323,15.277,1.508E-03,0.214
53539,STARLINK-4123 [+],6.730,62633,FLOCK 4G-26 [+],6.759,2026-08-12 23:31:39.144,0.324,14.121,6.231E-04,0.156
44622,GAOFEN-10R [+],3.526,16720,SL-14 R/B [-],3.829,2026-08-09 19:25:24.871,0.325,15.054,3.370E-05,0.226
53819,STARLINK-4738 [+],4.003,55053,EOSSAT-1 [+],3.547,2026-08-09 16:01:46.171,0.325,8.026,1.097E-03,0.088
53877,YUNHAI-1 03 [+],2.582,37400,FENGYUN 1C DEB [-],4.882,2026-08-08 20:12:10.128,0.325,14.855,1.517E-05,0.211
56960,ORBITER SN3 [+],5.320,60593,STARLINK-32161 [+],5.386,2026-08-11 15:27:36.412,0.325,9.089,1.042E-03,0.093
61904,OBJECT L [+],6.913,63346,YUNYAO-1 45 [+],6.971,2026-08-13 05:26:34.197,0.325,12.534,2.617E-05,0.122
63328,STARLINK-33699 [+],6.819,64531,TRANSPORTER-14 OBJECT D [+],6.035,2026-08-12 07:19:40.239,0.325,12.737,7.779E-04,0.124
64059,TIANQI-17 [+],5.910,22388,SL-16 DEB [-],6.312,2026-08-12 02:37:10.550,0.325,6.871,3.766E-05,0.085
58648,TIANMU-1 14 [+],8.088,66322,STARLINK-35292 [+],7.131,2026-08-12 19:34:09.272,0.326,14.269,5.912E-04,0.163
58701,TIANMU-1 16 [+],4.814,66342,STARLINK-35535 [+],5.391,2026-08-11 02:21:06.065,0.326,7.100,1.126E-03,0.086
62378,TANSTAAFL-2 [+],6.698,64883,OBJECT H [+],6.598,2026-08-12 20:38:52.646,0.326,14.013,2.072E-05,0.154
63303,KINEIS-4A [+],1.990,38177,CZ-2D DEB [-],2.752,2026-08-08 07:25:36.138,0.326,11.039,3.006E-05,0.106
65444,STARLINK-35049 [+],2.893,33315,RAPIDEYE 3 [-],2.986,2026-08-09 00:30:10.637,0.326,15.037,4.454E-04,0.217
67262,OBJECT Q [+],0.835,67267,OBJECT V [+],1.229,2026-08-06 23:58:28.035,0.326,0.001,3.995E-05,0.080
54778,STARLINK-5450 [+],1.153,62634,FLOCK 4G-28 [P],0.968,2026-08-07 03:31:29.491,0.327,13.259,7.131E-04,0.135
55633,STARLINK-5498 [+],7.269,54412,CZ-6A DEB [-],7.290,2026-08-13 12:50:29.514,0.327,15.025,4.436E-04,0.217
55781,STARLINK-5820 [+],0.932,5018,COSMOS 397 DEB [-],1.058,2026-08-07 05:14:40.922,0.327,14.286,6.199E-04,0.155
58702,TIANMU-1 17 [+],2.583,62531,STARLINK-32785 [+],3.164,2026-08-08 20:28:23.633,0.327,7.883,1.087E-03,0.088
69955,STARLINK-37928 [+],5.867,30764,FENGYUN 1C DEB [-],6.581,2026-08-12 02:48:21.538,0.327,11.360,2.958E-05,0.107
40024,NANOSATC-BR1 [+],7.010,47367,STARLINK-2082 [+],7.251,2026-08-13 02:36:31.144,0.328,14.423,5.639E-04,0.170
52588,STARLINK-3917 [+],5.158,54888,CZ-6A DEB [-],5.126,2026-08-11 09:48:08.299,0.328,14.744,5.053E-04,0.190
62223,STARLINK-11483 [+],4.550,100122,STARLINK-38135 [+],4.197,2026-08-10 11:17:54.185,0.328,14.874,1.689E-03,0.188
43160,JILIN-1 08 [+],0.821,64731,STARLINK-34552 [+],0.822,2026-08-07 01:52:37.816,0.329,7.050,1.111E-03,0.086
53677,STARLINK-4579 [+],2.861,66683,6GSTARLAB [+],2.973,2026-08-09 02:40:37.184,0.329,14.963,4.613E-04,0.207
61901,OBJECT H [+],3.237,63503,STARLINK-33583 [+],3.379,2026-08-09 12:54:16.653,0.329,14.473,5.527E-04,0.173
62681,FLOCK 4G-17 [+],7.528,64774,STARLINK-34621 [+],7.394,2026-08-13 16:36:34.403,0.329,9.923,9.727E-04,0.098
33320,HUANJING 1A (HJ-1A) [+],0.587,14865,SL-8 DEB [-],0.768,2026-08-06 20:24:30.175,0.330,13.226,2.283E-05,0.138
47814,STARLINK-2395 [+],0.737,53836,STARLINK-4778 [P],0.792,2026-08-07 01:01:06.818,0.330,5.797,3.765E-03,0.083
58288,ICEYE-X31 [+],1.625,65848,STARLINK-35308 [+],1.861,2026-08-07 21:20:53.336,0.330,14.690,5.136E-04,0.185
61781,ASRTU-1 (AO-123) [+],4.607,67891,STARLINK-36816 [+],4.617,2026-08-10 20:51:50.887,0.330,7.920,1.064E-03,0.089
61905,OBJECT M [+],0.647,67949,STARLINK-36863 [+],0.960,2026-08-06 21:55:56.003,0.330,13.271,7.002E-04,0.136
68076,STARLINK-37023 [+],5.540,62369,SPACEMOBILE-001 DEB [-],5.886,2026-08-11 19:17:13.637,0.330,11.981,8.224E-04,0.116
57073,STARLINK-5838 [+],6.276,62727,OBJECT C [+],4.647,2026-08-10 23:10:46.580,0.331,7.008,1.095E-03,0.087
61758,SITRO-AIS 20 [+],1.712,63944,STARLINK-33996 [+],1.659,2026-08-07 23:27:56.376,0.331,14.889,4.556E-04,0.209
65551,GEESAT-5 02 [+],7.230,26336,CZ-4B DEB [-],7.732,2026-08-13 09:02:25.458,0.331,14.319,1.817E-05,0.173
67750,OBJECT E [+],6.434,61385,CZ-6A DEB [-],7.203,2026-08-12 17:02:55.859,0.331,12.223,2.632E-05,0.120
68000,STARLINK-36931 [+],1.482,39211,CZ-4C R/B [-],0.838,2026-08-07 00:37:12.310,0.331,13.429,6.780E-04,0.140
44752,STARLINK-1047 [P],0.654,59778,OBJECT F [+],0.484,2026-08-06 18:39:47.871,0.332,14.726,5.062E-04,0.187
45462,YAOGAN-30 07C [+],1.291,59919,OBJECT C [+],1.289,2026-08-07 13:41:59.202,0.332,8.107,3.454E-05,0.091
51776,STARLINK-3608 [+],4.810,69625,KUIPER-00564 [+],4.589,2026-08-10 16:34:37.968,0.332,11.079,8.845E-04,0.107
52184,NUSAT-26 (M SOMERVILLE) [+],0.984,33504,KORONAS-FOTON [-],1.055,2026-08-07 06:53:53.695,0.332,15.307,1.334E-05,0.235
64935,STARLINK-34726 [+],6.971,46484,CZ-4B DEB [-],7.050,2026-08-13 03:53:03.043,0.332,14.946,4.493E-04,0.211
37792,APRIZESAT 5 [+],2.211,23342,RESURS O1 [?],2.410,2026-08-08 11:32:29.774,0.333,9.796,3.715E-04,0.099
51284,LUDI TANCE 1-01A (L-SAR 01A) [+],1.527,31021,FENGYUN 1C DEB [-],2.218,2026-08-07 19:00:37.873,0.333,12.787,2.402E-05,0.130
52095,STARLINK-3701 [+],5.280,62634,FLOCK 4G-28 [P],5.109,2026-08-11 06:54:51.365,0.333,14.541,5.332E-04,0.177
61790,SITRO-AIS 18 [+],2.184,66836,STARLINK-35838 [+],2.720,2026-08-08 10:55:36.638,0.333,12.128,7.860E-04,0.120
62639,FLOCK 4G-3 [+],1.728,65646,STARLINK-35183 [+],2.117,2026-08-07 22:59:20.533,0.333,6.347,1.106E-03,0.085
63878,STARLINK-33901 [+],3.871,14483,COSMOS 1508 [?],3.907,2026-08-10 03:08:58.209,0.333,1.772,1.192E-03,0.079
64875,REAL [+],5.043,68709,STARLINK-37303 [+],5.292,2026-08-11 05:46:28.255,0.333,12.062,8.051E-04,0.117
68598,KUIPER-00301 [+],4.236,37056,FENGYUN 1C DEB [-],6.099,2026-08-10 11:40:31.363,0.333,6.206,3.669E-05,0.085
40715,DMC3-FM1 [+],3.038,30087,FENGYUN 1C DEB [-],2.951,2026-08-09 06:45:51.664,0.334,14.949,1.472E-05,0.212
58356,STARLINK-30905 [+],1.681,61872,OBJECT D [+],1.743,2026-08-08 00:04:41.332,0.334,10.267,9.244E-04,0.102
57059,STARLINK-6211 [P],3.738,67030,STARLINK-36138 [+],3.618,2026-08-09 03:55:51.390,0.335,6.127,3.609E-03,0.086
59634,STARLINK-31797 [+],4.665,64091,OBJECT E [+],4.552,2026-08-10 20:00:17.034,0.335,8.744,1.001E-03,0.094
67765,KUIPER-00160 [+],2.601,36225,FENGYUN 1C DEB [-],3.166,2026-08-08 21:04:16.296,0.335,14.785,1.611E-05,0.193
52746,GHGSAT-C4 [+],5.752,67536,STARLINK-36572 [+],5.825,2026-08-12 02:06:40.362,0.336,11.537,8.279E-04,0.113
57143,STARLINK-5358 [+],2.504,58702,TIANMU-1 17 [+],2.449,2026-08-08 17:15:24.983,0.336,10.534,8.977E-04,0.104
59006,STARLINK-31450 [+],5.272,42145,COSMOS 1275 DEB [-],11.130,2026-08-11 10:56:28.738,0.336,4.657,1.128E-03,0.083
62907,STARLINK-11552 [+],2.085,38248,RISAT-1 [-],1.948,2026-08-08 02:02:31.290,0.336,12.816,7.326E-04,0.128
64338,STARLINK-34218 [+],2.757,52913,CZ-4C R/B [-],2.569,2026-08-08 12:53:14.395,0.336,13.501,6.494E-04,0.144
64585,IRIDE-MS2-HEO-9 [+],5.053,68486,VINDLER 2.3 [+],5.174,2026-08-11 07:30:38.559,0.336,14.676,1.587E-05,0.195
68920,KUIPER-00380 [+],4.451,58501,TLV R/B [-],4.724,2026-08-10 16:49:58.747,0.336,9.492,3.153E-05,0.098
69690,STARLINK-37940 [+],6.268,54334,CZ-6A DEB [-],6.129,2026-08-12 09:56:48.325,0.336,11.554,8.272E-04,0.113
69805,QIANFAN-206 [+],6.377,30416,FENGYUN 1C DEB [-],6.651,2026-08-12 16:29:25.260,0.336,12.040,2.510E-05,0.124
43613,ICESAT-2 [+],3.272,63468,STARLINK-33720 [+],3.435,2026-08-09 12:27:07.004,0.337,14.056,5.813E-04,0.161
58113,STARLINK-30353 [+],7.465,61938,CZ-4B R/B [-],7.466,2026-08-13 15:03:12.121,0.337,13.328,6.680E-04,0.140
63062,STARLINK-11412 [+],5.940,27153,PSLV DEB [-],5.532,2026-08-11 08:51:59.989,0.337,14.492,5.404E-04,0.173
64263,STARLINK-34276 [+],1.551,36441,COSMOS 2251 DEB [-],5.938,2026-08-07 15:36:13.179,0.337,8.921,9.783E-04,0.095
65388,STARLINK-34957 [+],0.882,68797,WASEDA-SAT-ZERO-II [+],0.944,2026-08-07 02:27:49.111,0.337,9.614,9.396E-04,0.099
66653,OBJECT D [+],6.953,68483,LEMUR-2-CLARA [+],7.356,2026-08-13 05:36:20.134,0.337,3.798,3.779E-05,0.082
27424,AQUA [+],1.043,57627,HEAD-3B [+],1.082,2026-08-07 08:09:12.407,0.338,13.476,5.741E-04,0.150
36799,TISAT 1 [+],4.352,62680,FLOCK 4G-18 [P],3.966,2026-08-10 03:42:30.164,0.338,13.690,2.048E-05,0.150
49459,STARLINK-3141 [+],2.215,41307,NOAA 16 DEB [-],2.445,2026-08-08 13:09:04.589,0.338,14.821,4.712E-04,0.197
61869,OBJECT A [+],3.898,64739,STARLINK-34471 [+],3.903,2026-08-10 04:28:31.326,0.338,12.153,7.715E-04,0.121
63241,TRANSPORTER-13 OBJECT AH [+],5.900,26365,SIMSAT 1 [?],6.033,2026-08-12 03:20:33.335,0.338,2.245,3.829E-05,0.080
63965,STARLINK-34147 [+],4.213,64889,OBJECT P [+],4.197,2026-08-10 11:23:49.026,0.338,14.234,5.561E-04,0.167
67391,FLAMINGO-1 [+],1.995,37770,CZ-2C DEB [-],1.850,2026-08-07 23:52:21.993,0.338,7.669,3.390E-05,0.091
43477,GRACE-FO 2 [+],0.496,45183,STARLINK-1202 [P],0.898,2026-08-06 17:50:24.651,0.339,13.360,6.569E-04,0.141
47505,HAWK-2A [+],2.601,54807,STARLINK-5410 [+],2.709,2026-08-08 16:35:18.540,0.339,14.461,5.215E-04,0.178
52669,STARLINK-3972 [+],5.006,57023,OBJECT V [+],4.992,2026-08-11 05:59:34.519,0.339,14.576,5.063E-04,0.183
55920,STARLINK-5862 [+],2.138,56310,TELEOS-2 [+],2.215,2026-08-08 10:13:05.182,0.339,8.504,9.835E-04,0.094
58514,STARLINK-30983 [+],2.000,60748,OBJECT D [+],1.476,2026-08-07 18:55:20.722,0.339,7.676,1.020E-03,0.091
63264,LEMUR-2-THEFALCONER [+],1.347,66821,STARLINK-35966 [+],0.689,2026-08-07 00:05:24.040,0.339,14.722,4.649E-04,0.200
64720,STARLINK-34572 [+],5.148,30290,FENGYUN 1C DEB [-],5.221,2026-08-11 11:12:15.834,0.339,15.102,3.974E-04,0.233
66031,STARLINK-35326 [+],2.976,69768,KUIPER-00598 [+],3.181,2026-08-09 00:18:30.628,0.339,5.385,1.094E-03,0.085
43770,FOX-1CLIFF (AO-95) [+],3.968,59033,STARLINK-31210 [+],4.619,2026-08-10 02:29:37.491,0.340,8.455,9.842E-04,0.094
48554,STARLINK-2139 [+],5.191,19573,COSMOS 1975 [?],5.033,2026-08-11 07:07:44.660,0.340,14.022,5.784E-04,0.160
62671,SKYBEE-A01 [+],3.569,66724,FLOCK 4H-21 [+],3.634,2026-08-09 20:18:35.886,0.340,0.617,3.826E-05,0.080
27848,CUBESAT XI-IV (CO-57) [+],2.103,32110,FENGYUN 1C DEB [-],2.744,2026-08-08 02:23:24.878,0.341,14.632,1.416E-05,0.215
52615,STARLINK-4011 [+],5.939,44891,OBJECT N [-],5.347,2026-08-11 15:37:33.209,0.341,11.460,8.121E-04,0.114
64889,OBJECT P [+],3.283,66435,STARLINK-35502 [+],4.392,2026-08-09 13:27:49.549,0.341,9.304,9.370E-04,0.098
39452,SWARM A [+],7.196,14209,SL-3 DEB [-],7.155,2026-08-13 10:07:21.440,0.342,15.303,1.263E-05,0.241
42841,LEMUR-2-PETERG [+],4.421,64280,STARLINK-34359 [+],4.546,2026-08-10 15:42:23.852,0.342,9.892,9.038E-04,0.102
62715,CONNECTA IOT-7 [+],1.612,63245,BUCCANEER MM [+],1.568,2026-08-07 19:20:30.515,0.342,14.968,1.370E-05,0.222
42847,CORVUS BC1 [+],5.797,33314,RAPIDEYE 1 [-],6.003,2026-08-12 01:33:19.515,0.343,13.871,1.904E-05,0.159
52847,STARLINK-4206 [+],3.013,59557,YAOGAN-42 02 [+],3.860,2026-08-09 06:18:29.935,0.343,9.705,9.086E-04,0.101
58661,TIANMU-1 20 [+],2.111,64189,STARLINK-33872 [+],2.488,2026-08-08 10:21:42.114,0.343,13.385,6.382E-04,0.144
44324,RCM-2 [+],2.898,62710,FIREFLY-3 [+],1.895,2026-08-08 03:36:41.724,0.344,8.634,3.152E-05,0.096
45183,STARLINK-1202 [P],4.279,62309,STARLINK-32678 [+],3.865,2026-08-10 02:59:11.546,0.344,11.592,2.598E-03,0.116
56153,PIESAT A [+],4.310,56154,PIESAT B [+],4.376,2026-08-07 20:15:13.685,0.344,0.002,2.218E-04,0.033
58702,TIANMU-1 17 [+],1.142,59506,STARLINK-31524 [+],1.445,2026-08-07 09:53:22.042,0.344,14.124,5.491E-04,0.166
44316,WT 1B [+],3.715,55486,STARLINK-5704 [+],3.641,2026-08-09 22:31:04.355,0.345,5.853,1.042E-03,0.087
59442,TSAT-1A [+],5.516,69029,STARLINK-37635 [+],5.669,2026-08-11 19:10:23.155,0.345,11.807,7.661E-04,0.119
20580,HST [+],6.303,48657,STARLINK-2734 [+],6.303,2026-08-12 09:03:37.429,0.346,5.328,5.220E-03,0.087
40967,FOX-1A (AO-85) [+],5.422,64650,CZ-6A DEB [-],5.988,2026-08-11 12:57:51.048,0.347,14.188,1.704E-05,0.176
56716,ONEWEB-0680 [+],4.784,47079,SL-14 DEB [-],5.913,2026-08-10 20:08:19.994,0.347,14.080,1.491E-05,0.201
57168,OBJECT C [+],2.484,58529,STARLINK-30988 [+],2.738,2026-08-08 18:42:56.037,0.347,8.245,9.541E-04,0.095
57178,CUBESX-HSE 3 (RS42S) [+],6.096,65889,STARLINK-35193 [+],6.550,2026-08-12 08:57:50.649,0.347,10.293,8.531E-04,0.106
67256,SITRO-AIS-57 [+],7.140,35929,IRIDIUM 33 DEB [-],12.078,2026-08-13 08:01:13.219,0.347,11.967,2.451E-05,0.122
39444,FUNCUBE-1 (AO-73) [+],0.946,20465,COSMOS 2058 [?],0.879,2026-08-07 02:34:32.218,0.348,8.613,3.088E-05,0.097
53046,STARLINK-4331 [+],3.940,54579,CZ-6A DEB [-],3.823,2026-08-09 23:04:52.139,0.348,11.844,7.451E-04,0.121
54198,STARLINK-5246 [+],0.604,63214,TEVEL2-5 [+],1.182,2026-08-06 20:30:02.211,0.348,10.345,8.466E-04,0.107
55371,STARLINK-5590 [+],3.779,62612,GESAT GEN1 [+],2.592,2026-08-08 19:25:26.179,0.348,12.914,6.614E-04,0.137
58552,STARLINK-31046 [+],3.856,62680,FLOCK 4G-18 [P],3.742,2026-08-09 22:19:39.758,0.348,13.355,6.229E-04,0.145
59117,CONTECSAT-1 [+],2.706,62074,STARLINK-32619 [+],2.729,2026-08-08 23:45:03.769,0.348,14.560,4.804E-04,0.188
39075,GLOBALSTAR M096 [+],1.614,16138,COSMOS 1690 [?],1.562,2026-08-07 21:17:01.415,0.349,12.664,2.056E-05,0.149
54695,JILIN-1 GAOFEN 03D48 [+],2.827,66172,STARLINK-35627 [+],3.215,2026-08-09 03:10:13.202,0.349,7.502,9.719E-04,0.093
55481,STARLINK-5694 [+],1.608,58578,QPS-SAR-5 (TSUKUYOMI-I) [+],1.567,2026-08-07 20:04:02.244,0.349,9.134,9.049E-04,0.100
65735,STARLINK-35099 [+],6.963,66667,PELICAN-5 [+],6.581,2026-08-12 17:53:24.747,0.349,6.566,3.313E-05,0.090
69695,STARLINK-37926 [+],4.948,69781,KUIPER-00626 [+],5.378,2026-08-11 04:44:29.028,0.349,6.338,1.006E-03,0.090
50993,ION SCV-004 [+],4.730,60289,STARLINK-32000 [+],4.906,2026-08-10 20:15:48.200,0.350,13.857,5.640E-04,0.159
52365,STARLINK-3874 [+],3.222,65259,OBJECT A [+],3.357,2026-08-09 11:19:14.822,0.350,13.520,5.982E-04,0.150
56745,SNIPE 2 [+],1.121,69829,STARLINK-37622 [+],1.176,2026-08-07 09:46:05.610,0.350,12.484,6.963E-04,0.129
61230,OBJECT D [+],7.262,66212,STARLINK-35710 [+],7.305,2026-08-13 13:18:36.701,0.350,10.691,8.196E-04,0.110
61558,QIANFAN-25 [P],5.892,12223,DELTA 1 DEB [-],6.107,2026-08-12 04:12:45.240,0.350,14.381,1.456E-05,0.204
69872,TOM-1 [+],4.849,16792,SL-14 R/B [-],4.866,2026-08-11 03:04:25.519,0.350,15.091,2.924E-05,0.242
53018,STARLINK-4279 [P],4.289,58627,STARLINK-31065 [+],4.836,2026-08-10 12:56:33.151,0.351,11.271,2.568E-03,0.115
53722,STARLINK-4700 [+],4.759,63215,TEVEL2-6 [+],4.586,2026-08-10 20:36:10.555,0.351,14.508,4.826E-04,0.186
62666,FLOCK 4G-1 [+],2.999,63808,STARLINK-34091 [+],3.646,2026-08-09 05:21:26.703,0.351,11.156,7.855E-04,0.114
68228,STARLINK-37050 [+],4.797,20893,CZ-4 DEB [-],4.882,2026-08-10 23:43:27.851,0.351,15.122,3.875E-04,0.232
100117,STARLINK-38062 [+],0.807,100149,STARLINK-38100 [+],0.934,2026-08-07 00:26:59.344,0.351,2.029,3.542E-03,0.083
43784,SNUGLITE [+],4.415,58736,STARLINK-31076 [+],5.499,2026-08-10 12:51:10.739,0.352,14.081,5.295E-04,0.169
43815,FALCONSAT-6 [+],1.635,67177,STARLINK-35853 [+],1.915,2026-08-07 19:29:38.255,0.352,12.814,6.570E-04,0.136
54823,STARLINK-5106 [P],3.144,63997,STARLINK-34165 [+],3.951,2026-08-09 07:05:24.943,0.352,9.725,2.837E-03,0.104
56786,STARLINK-6341 [+],3.648,89029,UNKNOWN [-],6.942,2026-08-09 22:57:46.058,0.352,14.938,3.945E-04,0.227
65907,STARLINK-35347 [+],4.350,69790,KUIPER-00647 [+],3.863,2026-08-10 02:43:23.564,0.352,4.196,1.041E-03,0.086
61643,STARLINK-32337 [+],5.155,62675,FLOCK 4G-36 [+],5.159,2026-08-11 08:37:48.656,0.353,9.117,8.846E-04,0.101
63949,STARLINK-33993 [+],2.087,39153,CUBEBUG-1 (CAPITAN BETO) [-],2.352,2026-08-08 08:50:56.449,0.353,13.785,5.509E-04,0.162
53232,STARLINK-4371 [+],5.574,69766,KUIPER-00569 [+],5.436,2026-08-11 16:27:32.832,0.354,13.455,5.835E-04,0.152
55401,STARLINK-5076 [+],1.777,48849,MINOTAUR 1 R/B [-],1.792,2026-08-08 01:17:14.911,0.354,12.039,7.025E-04,0.126
59877,STARLINK-31934 [+],3.247,64882,OBJECT G [+],2.916,2026-08-09 04:16:45.044,0.354,9.169,8.756E-04,0.101
61858,STARLINK-32556 [+],6.924,14818,SL-8 DEB [-],6.711,2026-08-12 19:03:40.530,0.354,12.402,6.823E-04,0.130
67533,STARLINK-36417 [+],6.069,60774,CZ-6A DEB [-],6.132,2026-08-12 08:09:49.889,0.354,15.252,3.607E-04,0.247
68701,STARLINK-36955 [+],5.419,33939,COSMOS 2251 DEB [-],5.426,2026-08-11 17:03:15.507,0.354,10.382,8.192E-04,0.109
69929,TRANSPORTER-17 OBJECT BN [+],0.488,42345,NOAA 16 DEB [-],0.484,2026-08-06 17:36:40.500,0.354,11.469,2.472E-05,0.119
47356,STARLINK-2049 [+],1.414,62379,HAWK-11B [+],1.550,2026-08-07 17:05:39.709,0.355,4.703,1.015E-03,0.087
69932,LEMUR-2-NURAY [+],1.791,33398,SL-24 DEB [-],1.461,2026-08-07 12:00:59.876,0.355,12.505,2.180E-05,0.134
46506,NETSAT-1 [+],1.739,52737,GHGSAT-C3 [+],1.422,2026-08-07 17:41:53.442,0.356,14.339,1.613E-05,0.181
47368,STARLINK-2084 [+],7.358,55111,ASTROCAST-0403 [+],7.103,2026-08-13 07:44:22.948,0.356,11.397,7.477E-04,0.118
58288,ICEYE-X31 [+],3.183,58770,STARLINK-31143 [+],3.242,2026-08-09 10:43:36.229,0.356,10.841,7.814E-04,0.113
62680,FLOCK 4G-18 [P],6.093,68328,STARLINK-36245 [+],6.146,2026-08-12 06:44:54.424,0.356,7.320,9.378E-04,0.094
66773,TRANSPORTER-15 OBJECT DM [+],6.741,69014,CAS500-2 RIDESHARE OBJECT AL [+],6.645,2026-08-12 21:35:01.806,0.356,15.086,1.241E-05,0.236
27844,CUTE-1 (CO-55) [+],4.975,87517,UNKNOWN [-],7.080,2026-08-10 22:59:16.119,0.357,13.723,1.740E-05,0.167
43570,IRIDIUM 166 [+],3.679,60669,CZ-6A DEB [-],3.585,2026-08-09 17:15:41.579,0.357,13.768,1.695E-05,0.172
43910,YUNHAI-2 01B [+],2.137,6788,THOR BURNER 2 R/B [-],0.768,2026-08-07 00:03:30.337,0.357,14.280,9.974E-06,0.196
55112,ASTROCAST-0404 [+],2.231,57912,STARLINK-30477 [+],2.508,2026-08-08 10:36:20.750,0.357,13.760,5.497E-04,0.160
57399,TIANMU-1 07 [+],1.945,47437,TRANSPORTER-1 OBJECT AA [-],1.944,2026-08-08 04:56:32.821,0.358,1.303,3.439E-05,0.085
59857,STARLINK-31569 [+],3.733,58852,OBJECT D [-],2.705,2026-08-08 23:09:21.018,0.358,11.317,7.504E-04,0.117
60014,OBJECT C [+],6.924,64314,STARLINK-34354 [+],6.995,2026-08-13 06:06:31.838,0.358,14.139,4.921E-04,0.179
65086,STARLINK-34822 [+],3.915,21151,INMARSAT 2-F2 R/B(PAM-D) [-],4.020,2026-08-10 04:02:41.799,0.358,9.268,9.341E-04,0.099
67465,STARLINK-36437 [+],7.500,67677,COSMOS 2603 [+],7.337,2026-08-13 10:59:44.617,0.358,12.813,6.347E-04,0.138
54821,STARLINK-5385 [+],2.225,64884,OBJECT J [+],1.862,2026-08-08 02:57:44.611,0.359,14.324,4.824E-04,0.182
55053,EOSSAT-1 [+],5.701,60017,STARLINK-31987 [+],5.882,2026-08-11 19:42:32.480,0.359,14.347,4.803E-04,0.183
56164,CHECKMATE 4 [+],6.192,23406,SL-16 DEB [-],5.796,2026-08-12 02:56:05.010,0.359,8.910,2.820E-05,0.103
27607,SAUDISAT 1C (SO-50) [+],7.680,28325,DMSP 5D-2 F11 DEB [-],8.280,2026-08-13 11:08:17.955,0.360,14.875,1.268E-05,0.228
27944,LARETS [+],0.704,12372,DELTA 1 DEB [-],1.865,2026-08-06 22:06:40.451,0.360,13.126,1.933E-05,0.149
51987,STARLINK-3644 [+],2.945,62651,FLOCK 4G-21 [P],2.632,2026-08-08 20:41:11.768,0.360,13.303,5.872E-04,0.149
53061,STARLINK-4308 [+],4.788,37717,FENGYUN 1C DEB [-],5.095,2026-08-10 20:28:11.183,0.360,15.007,3.704E-04,0.236
66075,STARLINK-35131 [+],5.992,54228,ELECTRON KICK STAGE R/B [-],5.085,2026-08-11 09:50:20.456,0.360,5.777,9.595E-04,0.091
57014,OBJECT L [+],1.552,69495,STARLINK-37789 [+],1.548,2026-08-07 20:20:50.110,0.361,10.673,2.539E-05,0.113
57178,CUBESX-HSE 3 (RS42S) [+],3.328,61666,STARLINK-32428 [+],3.624,2026-08-09 14:31:53.984,0.361,14.731,4.243E-04,0.205
57912,STARLINK-30477 [+],2.390,64883,OBJECT H [+],2.062,2026-08-08 07:46:14.821,0.361,7.156,9.189E-04,0.095
61720,STARLINK-32322 [+],5.019,64875,REAL [+],4.789,2026-08-10 23:41:27.736,0.361,14.739,4.254E-04,0.205
62903,COSMOS 2582 [+],2.095,64579,GRUS-3ALPHA [+],1.494,2026-08-07 18:38:25.183,0.361,6.483,3.103E-05,0.093
68980,PEARL-1B [+],3.372,31296,FENGYUN 1C DEB [-],4.049,2026-08-09 15:01:11.740,0.361,6.857,3.065E-05,0.094
60146,STARLINK-32127 [+],5.010,66667,PELICAN-5 [+],4.691,2026-08-10 20:31:04.386,0.362,6.381,9.349E-04,0.093
67630,STARLINK-36416 [+],6.219,20965,USA 67 R/B(2) [-],7.496,2026-08-12 11:15:12.834,0.362,2.613,1.002E-03,0.087
52486,STARLINK-3918 [+],7.222,55046,LYNK TOWER 3 [+],7.315,2026-08-13 11:19:15.987,0.363,14.221,4.861E-04,0.178
54361,EOS-6 (OCEANSAT-3) [+],5.139,34796,COSMOS 2251 DEB [-],5.666,2026-08-11 10:26:24.618,0.364,14.760,1.228E-05,0.233
55610,STARLINK-5722 [+],5.313,64092,OBJECT F [+],5.111,2026-08-11 09:27:44.551,0.364,11.901,6.840E-04,0.127
55777,STARLINK-5814 [+],4.250,69608,KUIPER-00538 [+],4.282,2026-08-10 12:46:38.531,0.364,6.738,9.110E-04,0.095
56374,STARLINK-6156 [+],6.194,61870,OBJECT B [+],6.199,2026-08-12 11:32:41.227,0.364,12.061,6.688E-04,0.129
52746,GHGSAT-C4 [+],6.082,68149,STARLINK-36992 [+],6.408,2026-08-12 10:01:58.564,0.365,13.489,5.547E-04,0.155
53046,STARLINK-4331 [+],1.876,37474,FENGYUN 1C DEB [-],5.496,2026-08-07 21:33:36.686,0.365,8.088,8.651E-04,0.100
69526,STARLINK-37438 [+],4.705,64627,OBJECT C [-],4.907,2026-08-10 15:42:57.034,0.365,12.093,6.654E-04,0.129
69938,CYBERCUBE [+],4.505,69939,CLOUDCT-PRECURSOR [+],5.042,2026-08-10 17:57:16.389,0.365,0.005,3.300E-05,0.086
43796,THEA [+],1.228,64906,STARLINK-34713 [+],1.680,2026-08-07 09:39:36.322,0.366,10.017,7.799E-04,0.110
56483,STARLINK-5868 [+],0.798,69503,PETREL [+],0.770,2026-08-06 22:00:07.238,0.366,15.047,3.481E-04,0.247
59123,LYNK TOWER 6 [+],1.783,69211,STARLINK-37613 [+],1.972,2026-08-07 23:27:35.468,0.366,13.196,5.789E-04,0.149
39767,UNIFORM 1 [+],5.575,28496,ESSAIM-3 [?],6.027,2026-08-11 19:40:23.132,0.367,14.714,1.316E-05,0.215
52275,STARLINK-3784 [+],7.417,56155,PIESAT C [+],10.134,2026-08-13 16:00:57.442,0.367,9.794,7.861E-04,0.109
57780,STARLINK-30380 [+],2.113,64889,OBJECT P [+],1.776,2026-08-08 01:17:49.106,0.367,13.274,5.682E-04,0.151
62679,FLOCK 4G-30 [P],6.645,62873,STARLINK-32833 [+],6.808,2026-08-12 20:35:45.185,0.367,14.760,4.072E-04,0.210
68796,ARICA-2 [+],6.158,69605,KUIPER-00533 [+],5.882,2026-08-12 03:10:17.135,0.367,12.832,1.977E-05,0.143
100146,OBJECT D [+],0.980,30106,FENGYUN 1C DEB [-],1.424,2026-08-07 06:43:15.438,0.367,7.517,2.894E-05,0.098
54686,DONGPO 08 [+],4.898,68338,STARLINK-36254 [+],5.481,2026-08-11 04:28:33.720,0.368,8.142,8.524E-04,0.100
55053,EOSSAT-1 [+],2.978,64734,STARLINK-34591 [+],2.848,2026-08-09 02:21:20.758,0.368,11.127,7.153E-04,0.120
59031,STARLINK-31211 [+],7.076,62619,IRIS-F3 [+],6.426,2026-08-12 14:24:07.781,0.368,10.583,7.445E-04,0.115
64869,LIDE [+],3.492,34118,COSMOS 2251 DEB [-],3.458,2026-08-09 15:10:03.596,0.368,14.960,1.181E-05,0.239
68352,CENTISPACE-2 S3 [+],5.817,17815,ARIANE 1 DEB [-],5.265,2026-08-11 04:02:00.669,0.368,6.270,3.001E-05,0.094
52939,POEM [+],5.167,58789,STARLINK-31166 [+],4.708,2026-08-10 21:50:15.821,0.369,4.342,9.439E-04,0.090
62675,FLOCK 4G-36 [+],4.746,63241,TRANSPORTER-13 OBJECT AH [+],4.707,2026-08-10 22:43:02.561,0.369,15.075,1.173E-05,0.241
64895,OBJECT V [+],1.280,66524,STARLINK-35687 [+],1.480,2026-08-07 11:26:21.588,0.369,8.259,8.435E-04,0.101
65879,STARLINK-35418 [+],3.016,30520,FENGYUN 1C DEB [-],2.896,2026-08-08 17:24:15.668,0.369,13.669,5.272E-04,0.162
20580,HST [+],6.463,65540,STARLINK-35052 [+],6.358,2026-08-12 12:54:16.554,0.370,12.661,3.042E-03,0.140
59376,STARLINK-31695 [+],3.688,61901,OBJECT H [+],2.845,2026-08-09 03:30:08.633,0.370,6.958,8.798E-04,0.097
60494,FLOCK 4BE-22 [+],1.409,31281,FENGYUN 1C DEB [-],2.133,2026-08-07 13:57:11.179,0.370,10.283,2.489E-05,0.113
61849,STARLINK-32346 [+],7.316,36441,COSMOS 2251 DEB [-],11.363,2026-08-13 01:48:47.433,0.370,12.240,6.388E-04,0.133
48067,ONEWEB-0170 [+],2.911,270218,UNKNOWN [-],30.569,2026-08-09 04:37:59.082,0.371,6.492,9.382E-05,0.097
55048,NUSAT-35 (WILLIAMINA) [+],2.242,66165,STARLINK-35575 [+],2.611,2026-08-08 12:18:28.028,0.371,14.624,4.175E-04,0.203
58300,ION SCV-013 [+],2.014,39924,PEGASUS DEB [-],6.877,2026-08-08 07:14:58.949,0.371,15.202,1.072E-05,0.262
64207,STARLINK-34324 [+],7.019,59225,ELECTRON KICK STAGE R/B [-],6.924,2026-08-12 20:45:05.704,0.371,14.744,3.990E-04,0.212
66947,STARLINK-36089 [+],6.922,33939,COSMOS 2251 DEB [-],6.402,2026-08-12 16:28:11.014,0.371,7.065,8.714E-04,0.097
40971,LMRST-SAT [+],1.536,41456,SENTINEL-1B [-],1.374,2026-08-07 16:32:29.908,0.372,14.888,1.195E-05,0.234
57031,OBJECT AD [+],3.454,59221,STARLINK-31516 [+],3.548,2026-08-09 17:26:44.181,0.372,14.759,3.977E-04,0.213
64389,STARLINK-34279 [+],0.610,19210,COSMOS 1953 [?],1.007,2026-08-06 20:26:39.612,0.372,7.062,8.688E-04,0.097
44390,ICEYE-X4 [+],7.398,50808,STARLINK-3355 [+],7.454,2026-08-13 16:46:54.668,0.373,11.536,6.736E-04,0.125
58701,TIANMU-1 16 [+],3.240,66326,STARLINK-35479 [+],3.559,2026-08-09 12:34:41.251,0.373,7.394,8.529E-04,0.099
61596,ONEWEB-0688 [+],0.628,45268,SL-14 DEB [-],0.778,2026-08-06 22:18:45.193,0.373,11.987,1.995E-05,0.140
49164,STARLINK-3106 [+],5.252,27124,PSLV DEB [-],5.394,2026-08-11 13:36:23.275,0.374,6.938,8.577E-04,0.098
56017,STARLINK-5934 [+],3.146,62622,FLOCK 4G-9 [+],3.147,2026-08-09 08:54:35.914,0.374,8.124,8.245E-04,0.102
56153,PIESAT A [+],3.715,56154,PIESAT B [+],3.781,2026-08-07 05:57:25.854,0.374,0.001,2.218E-04,0.033
61667,STARLINK-32414 [+],3.477,64884,OBJECT J [+],3.214,2026-08-09 11:24:08.697,0.374,11.107,6.944E-04,0.121
66722,FLOCK 4H-19 [+],3.286,69022,HYDRA-3 [+],3.195,2026-08-09 11:03:58.156,0.374,15.084,1.122E-05,0.248
68499,SERT3 [+],6.289,23657,SICH-1 [?],6.276,2026-08-12 14:19:35.720,0.374,14.982,1.444E-04,0.251
52464,STARLINK-3904 [+],3.987,20893,CZ-4 DEB [-],4.131,2026-08-10 05:40:58.177,0.375,14.762,3.901E-04,0.215
55310,STARLINK-5309 [+],6.663,36797,AISSAT 1 [-],6.192,2026-08-12 10:49:23.744,0.375,14.680,3.835E-04,0.219
58469,ION SCV-015 [+],1.297,68334,STARLINK-37191 [+],1.747,2026-08-07 14:45:57.759,0.375,8.673,8.015E-04,0.105
59123,LYNK TOWER 6 [+],2.958,68146,STARLINK-36980 [+],3.081,2026-08-09 03:40:42.651,0.375,12.941,5.720E-04,0.147
61869,OBJECT A [+],5.027,63286,STARLINK-33613 [+],7.166,2026-08-11 07:34:58.039,0.375,14.081,4.659E-04,0.180
62647,FLOCK 4G-23 [P],4.550,69462,STARLINK-37525 [+],5.001,2026-08-10 17:43:35.563,0.375,8.264,8.161E-04,0.103
43770,FOX-1CLIFF (AO-95) [+],7.306,57880,STARLINK-30436 [+],7.319,2026-08-13 10:35:14.976,0.376,14.265,4.444E-04,0.188
64814,STARLINK-34668 [+],5.621,42271,DMSP 5D-2 F13 DEB [-],6.038,2026-08-11 18:01:12.498,0.376,14.581,3.976E-04,0.211
68789,STARLINK-37413 [+],3.486,69781,KUIPER-00626 [+],3.719,2026-08-09 12:55:00.804,0.377,14.548,4.135E-04,0.202
37875,YAOGAN-12 [+],6.288,56516,STARLINK-5342 [+],4.287,2026-08-10 09:29:48.560,0.378,14.249,4.413E-04,0.189
60498,NUSAT-48 (HENRIETTA LEAVITT) [+],5.139,67190,STARLINK-35888 [+],5.353,2026-08-11 07:50:46.056,0.378,13.888,4.790E-04,0.174
61962,STARLINK-32458 [+],7.572,66668,SARI-1 [+],7.053,2026-08-13 03:12:20.366,0.378,9.547,7.533E-04,0.110
68987,IRIDE-MS2-HEO-15 [+],5.885,23657,SICH-1 [?],5.873,2026-08-12 04:39:41.169,0.378,13.806,2.038E-04,0.176
47122,STARLINK-1777 [P],2.393,100116,STARLINK-38038 [+],2.179,2026-08-08 09:25:22.825,0.379,6.313,2.816E-03,0.097
53934,STARLINK-4775 [+],3.854,62730,OBJECT B [+],3.583,2026-08-09 21:48:30.779,0.379,8.911,7.730E-04,0.107
58299,AETHER-2 [+],3.658,65204,STARLINK-34787 [+],3.670,2026-08-09 20:40:34.288,0.379,14.268,4.398E-04,0.189
60184,STARLINK-11187 [+],5.257,66176,CZ-3B R/B [-],5.294,2026-08-11 11:47:10.984,0.379,14.799,3.920E-04,0.212
61735,IONOSFERA-M 1 [+],7.364,31040,FENGYUN 1C DEB [-],9.428,2026-08-13 15:06:36.375,0.379,12.498,1.871E-05,0.147
69080,QIANFAN-134 [+],2.556,47088,SL-14 DEB [-],3.141,2026-08-08 21:01:55.466,0.379,14.284,1.178E-05,0.233
58466,UHETSAT [+],5.414,67943,STARLINK-36851 [+],5.736,2026-08-11 17:13:00.398,0.380,12.097,6.127E-04,0.135
60211,TIANHUI 5C [+],10.242,60212,TIANHUI 5D [+],10.310,2026-08-13 16:42:30.468,0.380,0.001,2.888E-05,0.095
68353,CENTISPACE-2 S4 [+],3.102,1430,TIROS 10 [-],1.986,2026-08-08 05:01:58.102,0.380,14.098,1.158E-05,0.195
49492,GAOFEN-11 03 [+],4.580,67267,OBJECT V [+],5.102,2026-08-10 20:54:48.275,0.381,4.163,2.930E-05,0.093
54162,STARLINK-5273 [+],4.064,63291,OBJECT A [+],3.596,2026-08-09 21:41:54.716,0.381,7.649,8.091E-04,0.102
55432,STARLINK-5637 [+],5.189,60550,SATELIOT_1 [+],5.063,2026-08-11 05:58:28.432,0.381,14.032,4.452E-04,0.185
58143,YAOGAN-39 04B [+],5.676,5599,OV1-5 DEB [-],6.342,2026-08-11 22:41:32.449,0.381,15.062,1.093E-05,0.250
60211,TIANHUI 5C [+],10.175,60212,TIANHUI 5D [+],10.242,2026-08-13 15:05:39.233,0.381,0.001,2.888E-05,0.095
69667,STARLINK-37941 [+],6.541,19274,OKEAN-1 [?],6.473,2026-08-12 15:12:04.015,0.381,15.124,7.160E-04,0.251
40111,YAOGAN-20 01C [+],1.034,33621,FENGYUN 1C DEB [-],3.001,2026-08-07 07:59:57.967,0.382,14.610,1.143E-05,0.238
56050,ONEWEB-0548 [+],3.860,5614,COSMOS 457 [?],3.693,2026-08-09 21:56:41.202,0.382,8.476,8.171E-05,0.108
56201,NUSAT-39 (TIKVAH ALPER) [+],1.503,69760,STARLINK-38056 [+],1.529,2026-08-07 18:41:06.613,0.382,8.814,7.672E-04,0.107
58662,TIANMU-1 21 [+],2.655,66667,PELICAN-5 [+],2.787,2026-08-08 22:50:05.298,0.382,5.801,2.822E-05,0.096
60211,TIANHUI 5C [+],10.108,60212,TIANHUI 5D [+],10.175,2026-08-13 13:28:48.002,0.382,0.001,2.888E-05,0.095
64870,TRACERS 1 [+],1.201,30546,FENGYUN 1C DEB [-],1.703,2026-08-07 08:31:12.448,0.382,14.929,1.105E-05,0.246
38338,ARIRANG-3 (KOMPSAT-3) [+],2.303,42566,DELTA 1 DEB [-],3.874,2026-08-08 15:08:47.327,0.383,14.735,1.209E-05,0.225
47655,STARLINK-2039 [+],0.964,59225,ELECTRON KICK STAGE R/B [-],0.956,2026-08-06 21:32:16.544,0.383,12.826,5.530E-04,0.148
52306,STARLINK-3747 [+],6.517,54256,MINOTAUR 4 DEB [-],7.763,2026-08-12 14:14:43.532,0.383,10.887,6.750E-04,0.122
56116,STARLINK-6114 [+],2.535,61905,OBJECT M [+],2.215,2026-08-08 11:34:17.424,0.383,11.268,6.507E-04,0.126
56155,PIESAT C [+],3.478,56156,PIESAT D [+],3.478,2026-08-07 00:16:25.007,0.383,0.001,6.764E-05,0.061
57737,STARLINK-30344 [+],2.557,61119,CZ-6A DEB [-],2.732,2026-08-08 20:12:19.543,0.383,13.627,4.865E-04,0.169
60211,TIANHUI 5C [+],9.973,60212,TIANHUI 5D [+],10.041,2026-08-13 10:15:05.504,0.383,0.001,2.888E-05,0.095
60211,TIANHUI 5C [+],10.041,60212,TIANHUI 5D [+],10.108,2026-08-13 11:51:56.748,0.383,0.001,2.888E-05,0.095
62657,TRANSPORTER-12 OBJECT BA [+],2.133,63573,STARLINK-33683 [+],2.863,2026-08-08 06:53:02.960,0.383,12.695,5.637E-04,0.146
63220,AEROCUBE 18A [+],6.544,16791,COSMOS 1758 [?],6.665,2026-08-12 18:40:33.354,0.383,13.891,1.533E-05,0.177
55583,STARLINK-5742 [+],1.524,60750,OBJECT F [+],1.449,2026-08-07 17:34:25.403,0.384,13.184,5.261E-04,0.156
60211,TIANHUI 5C [+],9.906,60212,TIANHUI 5D [+],9.973,2026-08-13 08:38:14.273,0.384,0.001,2.888E-05,0.095
68883,KUIPER-00502 [+],1.553,39198,PEGASUS R/B [-],1.725,2026-08-07 19:16:22.326,0.384,8.716,2.512E-05,0.108
53018,STARLINK-4279 [P],4.355,58627,STARLINK-31065 [+],4.902,2026-08-10 14:30:43.266,0.385,11.271,2.135E-03,0.126
57370,STARLINK-5353 [+],7.492,67681,COSMOS 2607 [+],6.488,2026-08-12 15:34:46.336,0.385,14.121,4.384E-04,0.186
60211,TIANHUI 5C [+],9.839,60212,TIANHUI 5D [+],9.906,2026-08-13 07:01:23.016,0.385,0.001,2.888E-05,0.095
62616,INNOCUBE (TUBSAT-31) [+],5.333,67338,STARLINK-36413 [+],5.569,2026-08-11 13:20:44.333,0.385,13.329,5.116E-04,0.160
64092,OBJECT F [+],2.051,64099,STARLINK-34074 [+],2.367,2026-08-08 08:01:14.741,0.385,12.194,5.932E-04,0.138
69998,STARLINK-38086 [+],6.193,100120,STARLINK-38120 [+],6.093,2026-08-12 07:30:50.030,0.385,15.267,1.057E-03,0.255
42063,SENTINEL-2B [+],4.531,31568,FENGYUN 1C DEB [-],9.163,2026-08-10 19:24:02.728,0.386,11.960,1.942E-05,0.139
43160,JILIN-1 08 [+],5.545,69126,STARLINK-37715 [+],5.512,2026-08-11 19:14:48.520,0.386,15.141,3.176E-04,0.257
53069,STARLINK-4323 [+],2.545,43779,RAAF M1 [-],2.668,2026-08-08 17:54:11.567,0.386,13.894,4.524E-04,0.180
56964,AFR-1 [+],5.007,64739,STARLINK-34471 [+],5.029,2026-08-11 07:29:23.891,0.386,14.765,3.664E-04,0.222
57765,WILDFIRE 9 [+],3.123,12175,DELTA 1 DEB [-],3.145,2026-08-09 09:02:28.998,0.386,14.498,1.104E-05,0.244
57832,YAOGAN-40 01B [+],6.070,16202,COSMOS 1375 DEB [-],6.108,2026-08-12 09:06:54.001,0.386,9.101,2.417E-05,0.111
60211,TIANHUI 5C [+],9.772,60212,TIANHUI 5D [+],9.839,2026-08-13 05:24:31.762,0.386,0.001,2.888E-05,0.095
61977,STARLINK-32607 [+],5.510,33410,CZ-4B R/B [-],5.610,2026-08-11 18:36:23.084,0.386,11.343,6.379E-04,0.128
64297,STARLINK-34369 [+],1.069,63306,ELECTRON KICK STAGE R/B [-],1.041,2026-08-07 08:16:51.399,0.386,15.081,3.122E-04,0.261
64312,STARLINK-34384 [+],0.734,63306,ELECTRON KICK STAGE R/B [-],0.706,2026-08-07 00:14:26.956,0.386,15.079,3.107E-04,0.262
65041,STARLINK-34820 [+],2.869,69597,KUIPER-00496 [+],2.443,2026-08-08 09:29:28.280,0.386,11.931,6.061E-04,0.134
45133,ONEWEB-0020 [+],6.855,46465,SL-14 DEB [-],8.597,2026-08-12 18:16:46.428,0.387,10.303,7.067E-05,0.123
60077,STARLINK-32032 [+],1.948,69602,KUIPER-00522 [+],1.665,2026-08-07 19:25:08.249,0.387,11.182,6.444E-04,0.126
60211,TIANHUI 5C [+],9.704,60212,TIANHUI 5D [+],9.772,2026-08-13 03:47:40.501,0.387,0.001,2.888E-05,0.095
67144,KUIPER-00196 [+],3.865,34953,COSMOS 2251 DEB [-],4.148,2026-08-09 18:47:44.111,0.387,13.005,1.715E-05,0.157
43833,SAUDISAT 5B [+],5.735,66576,STARLINK-35814 [+],5.999,2026-08-12 01:32:49.258,0.388,11.741,6.080E-04,0.133
48655,STARLINK-2657 [+],5.167,69763,KUIPER-00258 [+],5.427,2026-08-11 06:01:59.720,0.388,6.463,8.106E-04,0.100
48861,YAOGAN-30 10B [+],4.638,60538,PICO-02A021 [+],5.230,2026-08-10 21:54:03.292,0.388,12.768,1.785E-05,0.150
51946,OBJECT A [+],6.611,81615,UNKNOWN [-],7.798,2026-08-12 21:53:17.607,0.388,12.943,1.783E-05,0.150
60211,TIANHUI 5C [+],9.637,60212,TIANHUI 5D [+],9.704,2026-08-13 02:10:49.240,0.388,0.001,2.888E-05,0.095
63991,SCS-01 K [+],1.855,60861,CZ-6A DEB [-],1.970,2026-08-08 02:55:49.971,0.388,3.662,2.851E-05,0.094
51790,STARLINK-3631 [+],5.413,69780,KUIPER-00623 [+],5.347,2026-08-11 14:20:24.064,0.389,3.722,8.552E-04,0.094
60211,TIANHUI 5C [+],9.503,60212,TIANHUI 5D [+],9.570,2026-08-12 22:57:06.719,0.389,0.001,2.888E-05,0.095
60211,TIANHUI 5C [+],9.570,60212,TIANHUI 5D [+],9.637,2026-08-13 00:33:57.981,0.389,0.001,2.888E-05,0.095
100077,PRAETORIAN SDA_519 [+],4.599,17106,COSMOS 1375 DEB [-],4.883,2026-08-10 20:41:14.131,0.389,10.139,2.216E-05,0.121
39761,COSMOS 2496 (RODNIK-S 10) [+],7.153,11045,COSMOS 1036 [?],7.151,2026-08-13 09:45:39.653,0.390,13.543,9.163E-06,0.208
57188,HORS 1 [+],4.754,59616,STARLINK-31768 [+],5.468,2026-08-10 23:47:03.853,0.390,8.204,7.548E-04,0.107
58661,TIANMU-1 20 [+],6.874,61711,STARLINK-32312 [+],7.180,2026-08-13 04:40:10.818,0.390,12.542,5.558E-04,0.145
59184,STARLINK-31382 [+],3.130,31619,FENGYUN 1C DEB [-],3.003,2026-08-08 21:19:05.971,0.390,13.942,4.453E-04,0.181
60211,TIANHUI 5C [+],9.435,60212,TIANHUI 5D [+],9.503,2026-08-12 21:20:15.447,0.390,0.001,2.888E-05,0.095
62651,FLOCK 4G-21 [P],6.809,64498,STARLINK-34427 [+],6.975,2026-08-13 00:56:48.859,0.390,14.617,3.786E-04,0.213
63261,LEMUR-2-EMERSONROSE [+],1.113,61818,CZ-6A DEB [-],2.217,2026-08-07 07:53:36.756,0.390,15.013,1.035E-05,0.257
64820,KUIPER-00073 [+],7.208,57798,CZ-4C R/B [-],6.778,2026-08-12 20:50:49.114,0.390,12.268,1.857E-05,0.144
25397,TECHSAT 1B (GO-32) [P],1.705,40582,DMSP 5D-2 F13 DEB [-],2.955,2026-08-07 15:24:02.807,0.391,10.115,1.141E-05,0.120
55486,STARLINK-5704 [+],0.920,58702,TIANMU-1 17 [+],0.947,2026-08-07 05:12:13.932,0.391,14.259,4.128E-04,0.195
59922,STARLINK-31872 [+],1.972,28415,CZ-4B R/B [-],1.836,2026-08-07 23:16:49.590,0.391,8.991,7.236E-04,0.111
60211,TIANHUI 5C [+],9.368,60212,TIANHUI 5D [+],9.435,2026-08-12 19:43:24.164,0.391,0.001,2.888E-05,0.095
39451,SWARM B [+],0.559,58095,STARLINK-30570 [+],1.083,2026-08-06 20:03:39.459,0.392,6.093,8.024E-04,0.100
52900,MIMAN [+],1.652,4370,SL-8 R/B [-],1.734,2026-08-07 22:32:57.596,0.392,14.937,4.925E-05,0.266
58905,GEESAT-2 01 [+],5.397,54575,CZ-6A DEB [-],5.484,2026-08-11 15:51:43.308,0.392,14.295,1.302E-05,0.204
58921,NEXSAT-1 [+],4.803,68074,STARLINK-37045 [+],4.806,2026-08-11 01:52:24.117,0.392,12.961,5.209E-04,0.154
60211,TIANHUI 5C [+],9.301,60212,TIANHUI 5D [+],9.368,2026-08-12 18:06:32.890,0.392,0.001,2.888E-05,0.095
69681,STARLINK-37992 [+],5.845,18152,COSMOS 1862 [?],5.924,2026-08-12 02:16:47.400,0.392,15.229,2.899E-04,0.277
58243,STARLINK-30864 [+],4.310,67289,NASBSAT-1 [+],4.099,2026-08-10 06:36:22.616,0.393,14.161,4.171E-04,0.192
60211,TIANHUI 5C [+],9.166,60212,TIANHUI 5D [+],9.234,2026-08-12 14:52:50.326,0.393,0.001,2.888E-05,0.095
60211,TIANHUI 5C [+],9.234,60212,TIANHUI 5D [+],9.301,2026-08-12 16:29:41.610,0.393,0.001,2.888E-05,0.095
63747,KUIPER-00034 [+],1.357,41003,FENGYUN 1C DEB [-],9.293,2026-08-07 08:50:07.745,0.393,6.889,2.578E-05,0.103
48404,STARLINK-2593 [+],5.925,47437,TRANSPORTER-1 OBJECT AA [-],5.349,2026-08-11 14:39:58.474,0.394,9.556,6.938E-04,0.115
52322,SUPERVIEW NEO-1 02 [+],0.428,53806,STARLINK-4768 [+],0.496,2026-08-06 17:53:43.438,0.394,5.744,8.022E-04,0.099
55582,STARLINK-5741 [P],5.564,67347,STARLINK-36420 [+],5.911,2026-08-11 21:14:18.167,0.394,9.316,2.321E-03,0.114
59131,MESON-1 [+],2.342,60335,STARLINK-32168 [+],2.467,2026-08-08 11:19:58.183,0.394,11.265,6.174E-04,0.129
60211,TIANHUI 5C [+],9.099,60212,TIANHUI 5D [+],9.166,2026-08-12 13:15:59.040,0.394,0.001,2.888E-05,0.095
63226,ETIHAD-SAT [+],5.421,66771,GYEONGGISAT-1 [+],5.526,2026-08-11 16:06:35.201,0.394,15.097,1.009E-05,0.262
67798,STARLINK-36798 [+],6.797,59225,ELECTRON KICK STAGE R/B [-],7.009,2026-08-12 22:47:46.994,0.394,14.798,3.502E-04,0.228
48865,COSMOS 2550 [+],1.217,49426,STARLINK-3114 [+],1.218,2026-08-07 12:22:57.256,0.395,4.618,8.186E-04,0.097
52561,STARLINK-3955 [+],2.208,54346,CZ-6A DEB [-],2.125,2026-08-08 09:18:29.569,0.395,14.699,3.590E-04,0.222
60211,TIANHUI 5C [+],9.032,60212,TIANHUI 5D [+],9.099,2026-08-12 11:39:07.741,0.395,0.001,2.888E-05,0.095
52126,STARLINK-3732 [+],0.826,69541,OBJECT D [+],0.664,2026-08-06 19:52:40.117,0.396,14.685,3.493E-04,0.227
53433,STARLINK-4549 [+],1.760,66726,FLOCK 4H-23 [+],1.817,2026-08-08 00:13:46.783,0.396,14.307,3.929E-04,0.202
55054,SKYKRAFT-1A [+],1.021,66536,STARLINK-35640 [+],1.034,2026-08-07 03:25:40.478,0.396,13.211,4.903E-04,0.162
56803,STARLINK-6029 [+],3.225,63264,LEMUR-2-THEFALCONER [+],3.886,2026-08-09 13:01:26.455,0.396,14.698,3.441E-04,0.231
58422,STARLINK-30912 [+],1.270,62622,FLOCK 4G-9 [+],1.116,2026-08-07 08:10:38.860,0.396,14.191,4.080E-04,0.195
60211,TIANHUI 5C [+],8.964,60212,TIANHUI 5D [+],9.032,2026-08-12 10:02:16.444,0.396,0.001,2.888E-05,0.095
45156,ONEWEB-0052 [+],4.870,38433,OPS 4682 DEB [-],5.473,2026-08-10 21:35:35.884,0.397,1.388,9.042E-05,0.094
46232,GAOFEN-9 05 [+],6.391,68662,STARLINK-37195 [+],6.500,2026-08-12 16:21:48.397,0.397,15.049,3.106E-04,0.255
47733,STARLINK-2143 [+],6.280,60562,HYPERFIELD-1A [+],6.347,2026-08-12 13:15:01.280,0.397,11.422,5.989E-04,0.132
60211,TIANHUI 5C [+],8.830,60212,TIANHUI 5D [+],8.897,2026-08-12 06:48:33.823,0.397,0.001,2.888E-05,0.095
60211,TIANHUI 5C [+],8.897,60212,TIANHUI 5D [+],8.964,2026-08-12 08:25:25.145,0.397,0.001,2.888E-05,0.095
61230,OBJECT D [+],4.923,63371,STARLINK-33648 [+],5.365,2026-08-11 05:10:58.454,0.397,12.667,5.276E-04,0.150
32790,CANX-2 [+],5.374,53047,STARLINK-4352 [+],5.558,2026-08-11 15:12:39.630,0.398,14.888,3.171E-04,0.249
43188,S-NET A [+],4.496,57191,POLYTECH-UNIVERSE 3 (RS46S) [+],4.499,2026-08-10 18:16:11.846,0.398,14.651,1.167E-05,0.224
56354,STARLINK-5877 [+],6.502,66548,CZ-2C R/B [-],7.311,2026-08-12 18:03:34.196,0.398,6.547,7.677E-04,0.103
56487,STARLINK-6196 [+],3.451,60240,OOV-CUBE (TUBSAT-30) [+],3.509,2026-08-09 12:45:57.619,0.398,4.762,8.025E-04,0.098
59798,STARLINK-31687 [+],7.654,68379,CZ-2D R/B [-],7.536,2026-08-13 13:44:02.741,0.398,14.286,3.941E-04,0.200
60211,TIANHUI 5C [+],8.763,60212,TIANHUI 5D [+],8.830,2026-08-12 05:11:42.529,0.398,0.001,2.888E-05,0.095
65940,OBJECT C [+],6.950,60241,OBJECT G [-],7.115,2026-08-13 04:11:01.112,0.398,9.263,2.287E-05,0.114
68740,STARLINK-37314 [+],6.188,58927,OBJECT L [-],6.176,2026-08-12 09:18:02.467,0.398,14.787,3.396E-04,0.233
54202,STARLINK-5205 [+],5.851,44891,OBJECT N [-],5.797,2026-08-12 02:26:07.491,0.399,6.481,7.673E-04,0.103
60120,STARLINK-11164 [+],4.289,100014,STARLINK-38106 [+],4.270,2026-08-10 12:47:05.777,0.399,12.211,1.834E-03,0.142
60211,TIANHUI 5C [+],8.695,60212,TIANHUI 5D [+],8.763,2026-08-12 03:34:51.217,0.399,0.001,2.888E-05,0.095
61900,OBJECT G [+],7.264,63344,YUNYAO-1 43 [+],7.269,2026-08-13 13:12:05.019,0.399,12.546,1.738E-05,0.150
56191,HAWK-7A [+],3.299,57978,STARLINK-30511 [+],3.220,2026-08-09 12:29:44.559,0.400,11.872,5.678E-04,0.139
60211,TIANHUI 5C [+],8.628,60212,TIANHUI 5D [+],8.695,2026-08-12 01:57:59.901,0.400,0.001,2.888E-05,0.095
63210,JINJUSAT-1B [+],2.863,63450,STARLINK-33736 [+],2.989,2026-08-09 02:20:45.321,0.400,6.730,7.594E-04,0.104
65897,STARLINK-34934 [+],7.702,33939,COSMOS 2251 DEB [-],7.313,2026-08-13 14:19:56.856,0.400,7.966,7.252E-04,0.108
66506,STARLINK-34765 [+],2.755,28415,CZ-4B R/B [-],2.946,2026-08-09 01:55:17.799,0.400,8.370,7.123E-04,0.110
60211,TIANHUI 5C [+],8.494,60212,TIANHUI 5D [+],8.561,2026-08-11 22:44:17.248,0.401,0.001,2.888E-05,0.095
60211,TIANHUI 5C [+],8.561,60212,TIANHUI 5D [+],8.628,2026-08-12 00:21:08.580,0.401,0.001,2.888E-05,0.095
64237,STARLINK-11670 [+],4.624,32203,FENGYUN 1C DEB [-],4.391,2026-08-09 12:57:17.750,0.401,12.175,5.521E-04,0.142
41634,SJ 16-02 [+],2.363,64583,CAPELLA-17 (ACADIA-7) [+],2.361,2026-08-08 16:13:34.515,0.402,14.721,1.087E-05,0.238
46912,KSM1-A [+],0.717,63774,STARLINK-33914 [+],1.211,2026-08-06 20:35:55.607,0.402,9.708,6.590E-04,0.119
56960,ORBITER SN3 [+],5.515,62963,STARLINK-32882 [+],5.525,2026-08-11 20:08:29.224,0.402,13.999,4.145E-04,0.189
58701,TIANMU-1 16 [+],6.839,62422,STARLINK-32692 [+],7.142,2026-08-13 02:57:13.605,0.402,12.321,5.351E-04,0.146
60211,TIANHUI 5C [+],8.426,60212,TIANHUI 5D [+],8.494,2026-08-11 21:07:25.924,0.402,0.001,2.888E-05,0.095
66915,HULIANWANG DIGUI-105 [+],3.239,24279,H-2 R/B [-],2.682,2026-08-08 22:59:36.164,0.402,13.886,1.454E-04,0.219
57519,HJ-2F [+],6.553,66677,AE5RC [+],6.616,2026-08-12 19:34:46.952,0.403,8.537,2.301E-05,0.112
60211,TIANHUI 5C [+],8.359,60212,TIANHUI 5D [+],8.426,2026-08-11 19:30:34.594,0.403,0.001,2.888E-05,0.095
64706,STARLINK-34559 [+],2.473,24985,PEGASUS DEB [-],3.608,2026-08-08 18:42:53.705,0.403,14.854,3.380E-04,0.231
39451,SWARM B [+],7.095,63461,STARLINK-33706 [+],8.183,2026-08-13 08:55:42.334,0.404,12.819,4.988E-04,0.156
40010,KAZEOSAT 2 [+],5.506,30232,FENGYUN 1C DEB [-],5.626,2026-08-11 18:48:15.618,0.404,2.847,2.661E-05,0.097
45060,STARLINK-1166 [P],7.383,64123,STARLINK-11727 [+],7.586,2026-08-13 16:25:07.872,0.404,10.025,2.129E-03,0.121
60211,TIANHUI 5C [+],8.225,60212,TIANHUI 5D [+],8.292,2026-08-11 16:16:51.920,0.404,0.001,2.888E-05,0.095
60211,TIANHUI 5C [+],8.292,60212,TIANHUI 5D [+],8.359,2026-08-11 17:53:43.258,0.404,0.001,2.888E-05,0.095
61872,OBJECT D [+],7.306,64246,STARLINK-34203 [+],7.578,2026-08-13 13:35:14.064,0.404,14.074,4.024E-04,0.193
62659,FLOCK 4G-4 [P],4.611,65195,STARLINK-34928 [+],4.621,2026-08-10 19:18:32.047,0.404,14.535,3.577E-04,0.218
64585,IRIDE-MS2-HEO-9 [+],7.425,11672,SL-14 R/B [-],7.435,2026-08-13 16:26:16.745,0.404,15.095,2.144E-05,0.285
68268,STARLINK-36999 [+],4.581,59729,CZ-4C R/B [-],4.203,2026-08-10 08:02:18.765,0.404,8.533,6.945E-04,0.112
52452,STARLINK-3909 [+],2.344,739,ATLAS CENTAUR 2 DEB [-],2.323,2026-08-08 07:20:49.370,0.405,6.264,7.513E-04,0.103
60211,TIANHUI 5C [+],8.157,60212,TIANHUI 5D [+],8.225,2026-08-11 14:40:00.568,0.405,0.001,2.888E-05,0.095
44884,WEILAI 1R [+],7.328,62174,STARLINK-32552 [+],7.382,2026-08-13 14:02:37.416,0.406,15.025,9.414E-06,0.272
58703,TIANMU-1 18 [+],2.646,63567,STARLINK-32954 [+],3.418,2026-08-08 23:00:13.158,0.406,10.880,6.006E-04,0.129
60211,TIANHUI 5C [+],8.090,60212,TIANHUI 5D [+],8.157,2026-08-11 13:03:09.217,0.406,0.001,2.888E-05,0.095
48019,STARLINK-2285 [+],2.401,60778,CZ-6A DEB [-],2.477,2026-08-08 02:22:48.337,0.407,8.397,6.877E-04,0.112
53836,STARLINK-4778 [P],7.329,69652,STARLINK-37819 [+],7.468,2026-08-13 13:53:29.591,0.407,6.196,2.458E-03,0.104
55835,ONEWEB-0720 [+],3.359,45323,SL-14 DEB [-],3.878,2026-08-09 14:20:39.093,0.407,14.120,3.459E-05,0.240
60211,TIANHUI 5C [+],7.956,60212,TIANHUI 5D [+],8.023,2026-08-11 09:49:26.507,0.407,0.001,2.888E-05,0.095
60211,TIANHUI 5C [+],8.023,60212,TIANHUI 5D [+],8.090,2026-08-11 11:26:17.865,0.407,0.001,2.888E-05,0.095
64422,STARLINK-34434 [+],1.987,55201,CZ-6A DEB [-],1.718,2026-08-07 22:58:11.963,0.407,11.678,5.517E-04,0.140
66763,HYDROGNSS-2 [+],5.992,87245,UNKNOWN [-],7.321,2026-08-12 04:56:33.232,0.407,15.186,9.647E-06,0.265
60211,TIANHUI 5C [+],7.888,60212,TIANHUI 5D [+],7.956,2026-08-11 08:12:35.138,0.408,0.001,2.888E-05,0.095
61241,OBJECT D [+],1.536,61960,STARLINK-32372 [+],1.832,2026-08-07 19:12:41.719,0.408,14.338,3.713E-04,0.208
62672,TRANSPORTER-12 OBJECT BR [+],2.192,68261,TEN-KOH 2 [+],2.569,2026-08-08 09:59:26.481,0.408,13.643,1.425E-05,0.179
65072,STARLINK-34735 [+],0.615,33315,RAPIDEYE 3 [-],0.746,2026-08-06 18:45:00.550,0.408,5.794,7.490E-04,0.103
65837,STARLINK-35314 [+],7.693,33939,COSMOS 2251 DEB [-],7.382,2026-08-13 16:00:16.297,0.408,13.086,4.731E-04,0.163
43784,SNUGLITE [+],5.397,56537,STARLINK-6311 [+],5.368,2026-08-11 12:25:34.376,0.409,14.094,3.925E-04,0.196
46396,GAOFEN-11 02 [+],2.029,68416,TRANSPORTER-16 OBJECT A [+],2.212,2026-08-08 08:14:35.386,0.409,14.984,9.695E-06,0.262
46913,R2 [+],6.910,49264,CUPID [+],6.681,2026-08-12 21:27:15.360,0.409,13.611,1.420E-05,0.179
55928,STARLINK-5930 [+],3.111,60535,NIGHTJAR [+],3.243,2026-08-09 10:15:48.651,0.409,4.293,7.684E-04,0.100
57176,SITRO-AIS 5 (KATYS) [+],4.697,64101,STARLINK-34072 [+],4.747,2026-08-10 23:54:06.666,0.409,11.990,5.342E-04,0.144
58648,TIANMU-1 14 [+],6.454,59468,STARLINK-31267 [+],5.592,2026-08-11 04:20:38.594,0.409,6.984,7.201E-04,0.107
60211,TIANHUI 5C [+],7.754,60212,TIANHUI 5D [+],7.821,2026-08-11 04:58:52.406,0.409,0.001,2.888E-05,0.095
60211,TIANHUI 5C [+],7.821,60212,TIANHUI 5D [+],7.888,2026-08-11 06:35:43.778,0.409,0.001,2.888E-05,0.095
64898,SKYKRAFT-4D [+],1.604,30290,FENGYUN 1C DEB [-],1.482,2026-08-07 17:28:52.564,0.409,14.904,9.819E-06,0.259
68190,STARLINK-37071 [+],3.402,66177,STARLINK-35352 [-],2.558,2026-08-08 20:26:46.990,0.409,2.129,7.894E-04,0.097
46265,SAOCOM 1B [+],1.435,18153,SL-14 R/B [-],1.701,2026-08-07 18:17:35.193,0.410,14.903,2.273E-05,0.265
53009,STARLINK-4277 [+],4.562,66056,OBJECT D [+],4.673,2026-08-10 19:28:49.076,0.410,14.720,3.264E-04,0.235
56397,STARLINK-6271 [P],2.835,56706,STARLINK-30079 [+],2.690,2026-08-08 21:13:21.062,0.410,7.614,2.309E-03,0.110
58223,STARLINK-30840 [+],3.030,59132,LIZZIESAT-1 (LS-1) [+],2.711,2026-08-08 23:37:46.956,0.410,9.196,6.532E-04,0.117
60211,TIANHUI 5C [+],7.687,60212,TIANHUI 5D [+],7.754,2026-08-11 03:22:01.041,0.410,0.001,2.888E-05,0.095
45685,STARLINK-1402 [P],1.616,60195,STARLINK-11193 [+],1.280,2026-08-07 08:00:11.430,0.411,10.963,1.936E-03,0.131
53651,STARLINK-4388 [P],5.881,69671,STARLINK-37949 [+],5.993,2026-08-12 03:08:27.720,0.411,14.762,1.062E-03,0.238
60211,TIANHUI 5C [+],7.619,60212,TIANHUI 5D [+],7.687,2026-08-11 01:45:09.660,0.411,0.001,2.888E-05,0.095
61561,QIANFAN-28 [P],6.869,29760,FENGYUN 1C DEB [-],7.136,2026-08-13 02:55:03.223,0.411,14.898,8.907E-06,0.284
32289,YAOGAN-3 [+],1.180,37487,COSMOS 2251 DEB [-],3.543,2026-08-07 12:14:39.579,0.412,15.052,8.927E-06,0.283
53612,STARLINK-4658 [+],6.968,63219,TEVEL2-2 [+],7.550,2026-08-13 05:13:19.982,0.412,13.394,4.407E-04,0.173
60211,TIANHUI 5C [+],7.485,60212,TIANHUI 5D [+],7.552,2026-08-10 22:31:26.881,0.412,0.001,2.888E-05,0.095
60211,TIANHUI 5C [+],7.552,60212,TIANHUI 5D [+],7.619,2026-08-11 00:08:18.266,0.412,0.001,2.888E-05,0.095
65129,GEESAT-4 11 [+],7.156,22287,SL-14 R/B [-],7.326,2026-08-13 10:15:56.794,0.412,7.938,5.357E-05,0.112
65533,STARLINK-35172 [+],3.055,19274,OKEAN-1 [?],3.044,2026-08-09 04:55:29.245,0.412,15.234,5.693E-04,0.292
67843,STARLINK-36589 [+],7.177,35073,COSMOS 2251 DEB [-],7.849,2026-08-13 01:25:59.307,0.412,8.979,6.533E-04,0.117
27607,SAUDISAT 1C (SO-50) [+],1.130,64352,STARLINK-34385 [+],1.048,2026-08-06 21:55:43.542,0.413,5.255,7.378E-04,0.103
50492,ONEWEB-0417 [+],2.328,18907,COSMOS 886 DEB [-],2.385,2026-08-08 14:03:06.010,0.413,8.538,6.970E-05,0.117
55668,STARLINK-5455 [+],6.891,54598,CZ-6A DEB [-],7.330,2026-08-13 03:03:22.209,0.413,14.131,3.734E-04,0.204
60211,TIANHUI 5C [+],7.417,60212,TIANHUI 5D [+],7.485,2026-08-10 20:54:35.495,0.413,0.001,2.888E-05,0.095
65418,STARLINK-34997 [+],4.135,31680,FENGYUN 1C DEB [-],8.613,2026-08-10 09:50:44.932,0.413,14.831,3.123E-04,0.244
40042,POLYITAN-1 [+],1.183,68527,STARLINK-37248 [+],1.189,2026-08-07 06:19:35.172,0.414,12.339,5.036E-04,0.151
53836,STARLINK-4778 [P],6.579,68214,STARLINK-35854 [+],6.627,2026-08-12 19:53:59.306,0.414,14.666,1.088E-03,0.231
57386,STARLING 4 [+],7.096,40528,TITAN 4B DEB [-],7.384,2026-08-13 09:56:38.462,0.414,14.964,9.521E-06,0.264
60211,TIANHUI 5C [+],7.283,60212,TIANHUI 5D [+],7.350,2026-08-10 17:40:52.684,0.414,0.001,2.888E-05,0.095
60211,TIANHUI 5C [+],7.350,60212,TIANHUI 5D [+],7.417,2026-08-10 19:17:44.090,0.414,0.001,2.888E-05,0.095
64348,STARLINK-34274 [+],5.604,68927,KUIPER-00412 [+],5.228,2026-08-11 11:28:18.025,0.414,13.028,4.552E-04,0.167
37387,RESOURCESAT-2 [+],4.741,20775,SL-8 R/B [-],4.765,2026-08-11 00:18:49.391,0.415,14.773,4.242E-05,0.292
40024,NANOSATC-BR1 [+],0.920,68803,STARLINK-37460 [+],0.875,2026-08-07 00:27:29.827,0.415,15.070,2.843E-04,0.267
44390,ICEYE-X4 [+],7.078,69489,STARLINK-37831 [+],7.063,2026-08-13 09:05:16.588,0.415,1.964,2.544E-05,0.099
53014,STARLINK-4183 [+],2.875,62681,FLOCK 4G-17 [+],2.973,2026-08-09 03:17:56.312,0.415,14.747,3.199E-04,0.237
55110,ASTROCAST-0401 [+],1.840,59216,STARLINK-31417 [+],1.851,2026-08-08 00:48:54.195,0.415,14.062,3.843E-04,0.197
60126,STARLINK-31846 [+],1.576,8744,COSMOS 807 [?],1.175,2026-08-07 10:05:31.945,0.415,13.060,5.394E-04,0.163
60211,TIANHUI 5C [+],7.216,60212,TIANHUI 5D [+],7.283,2026-08-10 16:04:01.290,0.415,0.001,2.888E-05,0.095
64537,OTTER PUP 2 [+],1.879,64539,ELARASAT MMS-1 [+],1.419,2026-08-07 17:12:50.616,0.415,0.001,2.310E-05,0.109
41772,SKYSAT-C5 [+],1.478,68907,STARLINK-37551 [+],1.425,2026-08-07 13:03:56.415,0.416,14.799,2.820E-04,0.244
56107,STARLINK-6030 [+],3.504,29269,SL-19 R/B [-],3.653,2026-08-09 16:55:29.598,0.416,14.238,3.689E-04,0.205
59761,STARLINK-11117 [+],4.164,100014,STARLINK-38106 [+],4.078,2026-08-10 08:09:49.472,0.416,12.848,1.569E-03,0.159
60211,TIANHUI 5C [+],7.081,60212,TIANHUI 5D [+],7.148,2026-08-10 12:50:18.472,0.416,0.001,2.888E-05,0.095
60211,TIANHUI 5C [+],7.148,60212,TIANHUI 5D [+],7.216,2026-08-10 14:27:09.880,0.416,0.001,2.888E-05,0.095
62380,BANDWAGON-2 OBJECT D [+],6.870,69505,HORN-L [+],8.342,2026-08-12 11:17:46.247,0.416,8.774,2.146E-05,0.117
62634,FLOCK 4G-28 [P],6.841,63438,STARLINK-33681 [+],6.872,2026-08-13 00:28:45.275,0.416,14.769,3.161E-04,0.239
44310,BUFENG 1A [+],6.206,57640,STARLINK-30324 [+],6.375,2026-08-12 09:41:21.221,0.417,10.587,5.802E-04,0.130
53795,STARLINK-4742 [+],6.398,63237,TEVEL2-9 [+],6.163,2026-08-12 09:31:07.487,0.417,14.708,3.207E-04,0.235
60211,TIANHUI 5C [+],7.014,60212,TIANHUI 5D [+],7.081,2026-08-10 11:13:27.058,0.417,0.001,2.888E-05,0.095
69932,LEMUR-2-NURAY [+],4.133,62928,ELECTRON KICK STAGE R/B [-],3.685,2026-08-09 20:13:28.206,0.417,14.730,9.957E-06,0.251
40024,NANOSATC-BR1 [+],4.676,49733,STARLINK-3252 [+],4.549,2026-08-10 18:36:16.293,0.418,10.379,5.844E-04,0.129
40042,POLYITAN-1 [+],3.725,64476,STARLINK-34496 [+],3.733,2026-08-09 19:19:12.384,0.418,13.739,4.056E-04,0.186
41603,LAPAN-A3 [+],5.857,19210,COSMOS 1953 [?],6.325,2026-08-12 04:05:26.398,0.418,14.460,1.126E-05,0.221
49261,CS1 [+],5.990,61713,STARLINK-32467 [+],6.094,2026-08-12 02:54:24.956,0.418,14.717,3.185E-04,0.236
53836,STARLINK-4778 [P],7.282,68385,STARLINK-37128 [+],7.219,2026-08-13 12:46:41.715,0.418,10.239,1.951E-03,0.127
59123,LYNK TOWER 6 [+],0.803,69234,STARLINK-37755 [+],0.993,2026-08-06 23:56:23.666,0.418,13.144,4.458E-04,0.169
60211,TIANHUI 5C [+],6.879,60212,TIANHUI 5D [+],6.947,2026-08-10 07:59:44.200,0.418,0.001,2.888E-05,0.095
60211,TIANHUI 5C [+],6.947,60212,TIANHUI 5D [+],7.014,2026-08-10 09:36:35.626,0.418,0.001,2.888E-05,0.095
63239,TEVEL2-8 [+],2.853,68860,STARLINK-37388 [+],2.205,2026-08-08 11:50:50.869,0.418,12.996,4.531E-04,0.166
63247,EZIE-A [+],6.485,66829,STARLINK-36084 [+],7.039,2026-08-12 17:04:42.747,0.418,15.052,2.682E-04,0.281
63816,STARLINK-34048 [+],6.454,61086,CZ-6A DEB [-],6.247,2026-08-12 08:56:58.511,0.418,12.019,5.142E-04,0.147
69291,KUIPER-00608 [+],3.262,69373,STARLINK-37685 [+],3.136,2026-08-09 09:16:01.015,0.418,12.124,5.071E-04,0.148
44316,WT 1B [+],3.004,62615,TRANSPORTER-12 OBJECT G [+],3.050,2026-08-09 05:27:32.636,0.419,14.377,1.149E-05,0.216
53682,STARLINK-4438 [+],1.088,60085,ELECTRON KICK STAGE R/B [-],1.188,2026-08-07 08:07:22.136,0.419,15.089,2.704E-04,0.278
54053,STARLINK-5176 [+],6.052,47437,TRANSPORTER-1 OBJECT AA [-],5.544,2026-08-11 19:21:11.672,0.419,11.622,5.290E-04,0.142
60211,TIANHUI 5C [+],6.812,60212,TIANHUI 5D [+],6.879,2026-08-10 06:22:52.761,0.419,0.001,2.888E-05,0.095
61895,OBJECT B [+],2.461,68663,STARLINK-37222 [+],2.599,2026-08-08 18:36:57.702,0.419,14.691,3.167E-04,0.237
66107,STARLINK-35593 [+],4.139,66667,PELICAN-5 [+],4.041,2026-08-10 04:54:58.908,0.419,14.731,3.151E-04,0.238
69923,RAFS [+],0.988,61346,CZ-6A DEB [-],1.125,2026-08-07 05:47:12.646,0.419,14.106,1.187E-05,0.209
48326,STARLINK-2498 [+],6.468,60562,HYPERFIELD-1A [+],6.298,2026-08-12 12:04:14.543,0.420,14.387,3.479E-04,0.215
56896,STARLINK-6202 [+],5.477,42827,OBJECT C [-],5.545,2026-08-11 18:00:45.392,0.420,12.171,4.966E-04,0.151
60211,TIANHUI 5C [+],6.678,60212,TIANHUI 5D [+],6.745,2026-08-10 03:09:09.881,0.420,0.001,2.888E-05,0.095
60211,TIANHUI 5C [+],6.745,60212,TIANHUI 5D [+],6.812,2026-08-10 04:46:01.330,0.420,0.001,2.888E-05,0.095
62670,FLOCK 4G-10 [+],1.888,63977,STARLINK-34105 [+],1.880,2026-08-08 02:15:18.345,0.420,11.668,5.242E-04,0.143
66129,STARLINK-35632 [+],5.593,69616,KUIPER-00549 [+],5.698,2026-08-11 18:06:01.689,0.420,8.626,6.397E-04,0.117
43613,ICESAT-2 [+],7.205,59079,STARLINK-31257 [+],7.482,2026-08-13 10:50:49.903,0.421,13.942,3.820E-04,0.196
56191,HAWK-7A [+],3.893,59876,STARLINK-31935 [+],4.147,2026-08-10 02:44:57.648,0.421,7.414,6.704E-04,0.112
58469,ION SCV-015 [+],4.688,64204,STARLINK-34331 [+],5.131,2026-08-11 00:09:40.699,0.421,11.031,5.511E-04,0.136
60211,TIANHUI 5C [+],3.278,60212,TIANHUI 5D [+],3.345,2026-08-06 17:33:05.669,0.421,0.001,2.888E-05,0.095
60211,TIANHUI 5C [+],6.610,60212,TIANHUI 5D [+],6.678,2026-08-10 01:32:18.442,0.421,0.001,2.888E-05,0.095
60211,TIANHUI 5C [+],3.345,60212,TIANHUI 5D [+],3.412,2026-08-06 19:09:54.530,0.422,0.001,2.888E-05,0.095
60211,TIANHUI 5C [+],6.476,60212,TIANHUI 5D [+],6.543,2026-08-09 22:18:35.527,0.422,0.001,2.888E-05,0.095
60211,TIANHUI 5C [+],6.543,60212,TIANHUI 5D [+],6.610,2026-08-09 23:55:26.982,0.422,0.001,2.888E-05,0.095
66508,STARLINK-35608 [+],7.370,69617,KUIPER-00550 [+],7.241,2026-08-13 08:59:20.951,0.422,5.832,6.990E-04,0.107
52895,KSLV-II DUMMY [+],4.065,60790,CZ-6A DEB [-],4.242,2026-08-10 09:10:44.127,0.423,12.388,1.550E-05,0.159
53396,STARLINK-4524 [+],4.637,59626,LEGION 2 [+],4.625,2026-08-10 21:16:59.501,0.423,14.268,3.487E-04,0.213
56410,STARLINK-6281 [P],3.130,57870,STARLINK-30460 [+],3.311,2026-08-09 04:34:12.559,0.423,7.883,2.152E-03,0.114
60211,TIANHUI 5C [+],6.341,60212,TIANHUI 5D [+],6.409,2026-08-09 19:04:52.608,0.423,0.001,2.888E-05,0.095
60211,TIANHUI 5C [+],6.409,60212,TIANHUI 5D [+],6.476,2026-08-09 20:41:44.071,0.423,0.001,2.888E-05,0.095
42847,CORVUS BC1 [+],7.158,43779,RAAF M1 [-],7.347,2026-08-13 10:12:27.196,0.424,12.944,1.455E-05,0.169
56153,PIESAT A [+],4.376,56154,PIESAT B [+],4.442,2026-08-07 21:50:25.227,0.424,0.002,2.218E-04,0.033
57038,OBJECT AL [+],3.783,69189,STARLINK-37440 [+],4.371,2026-08-10 01:54:43.558,0.424,6.629,6.758E-04,0.110
58907,GEESAT-2 03 [+],0.759,63874,STARLINK-34052 [+],0.741,2026-08-06 23:55:12.448,0.424,12.028,4.931E-04,0.151
60211,TIANHUI 5C [+],3.412,60212,TIANHUI 5D [+],3.479,2026-08-06 20:46:43.384,0.424,0.001,2.888E-05,0.095
60211,TIANHUI 5C [+],6.274,60212,TIANHUI 5D [+],6.341,2026-08-09 17:28:01.131,0.424,0.001,2.888E-05,0.095
62634,FLOCK 4G-28 [P],6.252,68536,STARLINK-37173 [+],6.355,2026-08-12 10:20:03.563,0.424,14.687,3.131E-04,0.237
20580,HST [+],4.208,48695,STARLINK-2616 [+],4.146,2026-08-10 06:46:13.517,0.425,3.417,3.593E-03,0.103
42838,LEMUR-2-ANDIS [+],0.845,62305,STARLINK-32649 [+],0.751,2026-08-07 01:33:15.646,0.425,14.740,3.056E-04,0.242
54818,GAOFEN-11 04 [+],6.350,43264,CZ-4C R/B [-],6.355,2026-08-12 15:30:20.859,0.425,14.650,1.021E-05,0.240
60211,TIANHUI 5C [+],6.139,60212,TIANHUI 5D [+],6.207,2026-08-09 14:14:18.181,0.425,0.001,2.888E-05,0.095
60211,TIANHUI 5C [+],6.207,60212,TIANHUI 5D [+],6.274,2026-08-09 15:51:09.659,0.425,0.001,2.888E-05,0.095
61960,STARLINK-32372 [+],6.765,64878,INNOSAT 16 (RS92S7) [+],6.493,2026-08-12 17:36:09.264,0.425,14.338,3.432E-04,0.216
62531,STARLINK-32785 [+],6.977,62675,FLOCK 4G-36 [+],6.466,2026-08-12 15:59:22.763,0.425,12.554,4.641E-04,0.159
46913,R2 [+],3.151,63066,STARLINK-33622 [+],2.966,2026-08-09 03:14:02.115,0.426,6.897,6.658E-04,0.111
49400,HIBARI [+],6.460,65041,STARLINK-34820 [+],7.030,2026-08-12 13:20:59.205,0.426,6.101,6.798E-04,0.109
57404,STARLINK-30240 [+],4.233,64882,OBJECT G [+],3.964,2026-08-10 05:25:01.278,0.426,11.237,5.288E-04,0.140
60211,TIANHUI 5C [+],3.479,60212,TIANHUI 5D [+],3.546,2026-08-06 22:23:32.242,0.426,0.001,2.888E-05,0.095
60211,TIANHUI 5C [+],6.005,60212,TIANHUI 5D [+],6.072,2026-08-09 11:00:35.191,0.426,0.001,2.888E-05,0.095
60211,TIANHUI 5C [+],6.072,60212,TIANHUI 5D [+],6.139,2026-08-09 12:37:26.695,0.426,0.001,2.888E-05,0.095
66067,STARLINK-35401 [+],1.737,47937,OBJECT F [-],1.753,2026-08-08 01:18:27.805,0.426,13.992,3.698E-04,0.200
37388,YOUTHSAT [+],3.514,5149,THORAD AGENA D DEB [-],3.309,2026-08-09 10:19:16.432,0.427,9.768,1.902E-05,0.128
43437,SENTINEL-3B [+],5.278,42130,COSMOS 1275 DEB [-],5.645,2026-08-11 11:17:14.651,0.427,12.417,1.500E-05,0.162
55802,ONEWEB-0638 [+],3.407,2140,SCOUT A DEB [-],3.617,2026-08-09 13:56:15.504,0.427,13.122,4.012E-05,0.197
56126,STARLINK-6124 [+],4.073,57173,OBJECT H [+],3.688,2026-08-09 22:21:05.026,0.427,10.406,5.607E-04,0.131
60211,TIANHUI 5C [+],3.546,60212,TIANHUI 5D [+],3.614,2026-08-07 00:00:21.111,0.427,0.001,2.888E-05,0.095
60211,TIANHUI 5C [+],5.938,60212,TIANHUI 5D [+],6.005,2026-08-09 09:23:43.707,0.427,0.001,2.888E-05,0.095
39452,SWARM A [+],1.091,69948,STARLINK-37891 [+],1.066,2026-08-07 07:35:19.447,0.428,13.759,1.276E-05,0.190
60211,TIANHUI 5C [+],5.803,60212,TIANHUI 5D [+],5.870,2026-08-09 06:10:00.706,0.428,0.001,2.888E-05,0.095
60211,TIANHUI 5C [+],5.870,60212,TIANHUI 5D [+],5.938,2026-08-09 07:46:52.209,0.428,0.001,2.888E-05,0.095
60527,CUAVA-2 [+],7.326,63214,TEVEL2-5 [+],7.878,2026-08-13 13:12:32.395,0.428,15.124,8.614E-06,0.282
62701,FIREFLY-1 [+],6.177,54149,GSLV R/B [-],6.171,2026-08-12 09:51:07.326,0.428,15.081,8.203E-06,0.296
48370,STARLINK-2621 [+],0.931,55034,LYNK TOWER 4 [+],0.610,2026-08-06 18:21:14.713,0.429,11.355,5.169E-04,0.142
57200,OBJECT AL [+],3.570,60509,FLOCK 4BE-29 [+],3.573,2026-08-09 20:53:08.840,0.429,1.387,2.385E-05,0.102
58999,STARLINK-31440 [+],6.478,66670,HUNITY [+],6.631,2026-08-12 18:46:18.800,0.429,13.782,3.809E-04,0.193
60211,TIANHUI 5C [+],3.614,60212,TIANHUI 5D [+],3.681,2026-08-07 01:37:09.977,0.429,0.001,2.888E-05,0.095
60211,TIANHUI 5C [+],5.669,60212,TIANHUI 5D [+],5.736,2026-08-09 02:56:17.674,0.429,0.001,2.888E-05,0.095
60211,TIANHUI 5C [+],5.736,60212,TIANHUI 5D [+],5.803,2026-08-09 04:33:09.200,0.429,0.001,2.888E-05,0.095
50486,ONEWEB-0406 [+],2.101,47003,FENGYUN 1C DEB [-],8.404,2026-08-08 09:04:54.592,0.430,14.272,2.812E-05,0.279
55045,CONTINUUM-1 [+],5.657,68670,STARLINK-37298 [+],5.670,2026-08-11 21:37:27.036,0.430,15.043,2.656E-04,0.276
56153,PIESAT A [+],3.648,56154,PIESAT B [+],3.714,2026-08-07 04:21:54.025,0.430,0.001,2.218E-04,0.033
56745,SNIPE 2 [+],2.606,69967,STARLINK-37875 [+],2.642,2026-08-08 21:24:57.931,0.430,12.033,1.605E-05,0.151
60211,TIANHUI 5C [+],5.534,60212,TIANHUI 5D [+],5.601,2026-08-08 23:42:34.637,0.430,0.001,2.888E-05,0.095
60211,TIANHUI 5C [+],5.601,60212,TIANHUI 5D [+],5.669,2026-08-09 01:19:26.154,0.430,0.001,2.888E-05,0.095
65401,STARLINK-34909 [+],2.472,100146,OBJECT D [+],2.343,2026-08-08 15:26:05.023,0.430,14.094,3.484E-04,0.210
40042,POLYITAN-1 [+],4.214,68527,STARLINK-37248 [+],4.220,2026-08-10 07:03:53.164,0.431,13.306,4.087E-04,0.179
48788,ONEWEB-0214 [+],5.230,2140,SCOUT A DEB [-],5.397,2026-08-11 08:39:30.910,0.431,14.237,2.801E-05,0.279
53027,STARLINK-4158 [+],3.774,43771,OBJECT P [-],3.681,2026-08-09 19:08:16.792,0.431,14.768,2.948E-04,0.247
58299,AETHER-2 [+],3.280,67901,STARLINK-36336 [+],3.209,2026-08-09 11:37:06.453,0.431,14.658,3.055E-04,0.239
60211,TIANHUI 5C [+],3.681,60212,TIANHUI 5D [+],3.748,2026-08-07 03:13:58.835,0.431,0.001,2.888E-05,0.095
60211,TIANHUI 5C [+],5.400,60212,TIANHUI 5D [+],5.467,2026-08-08 20:28:51.563,0.431,0.001,2.888E-05,0.095
60211,TIANHUI 5C [+],5.467,60212,TIANHUI 5D [+],5.534,2026-08-08 22:05:43.087,0.431,0.001,2.888E-05,0.095
49261,CS1 [+],3.542,69526,STARLINK-37438 [+],3.724,2026-08-09 16:09:06.466,0.432,14.023,3.588E-04,0.203
52455,STARLINK-3890 [+],1.164,369,FTV 3502 [?],0.935,2026-08-07 04:06:34.549,0.432,14.647,2.997E-04,0.243
52992,STARLINK-4269 [+],5.935,61869,OBJECT A [+],5.720,2026-08-12 00:12:09.372,0.432,14.734,2.966E-04,0.246
58509,STARLINK-31020 [P],6.218,66568,STARLINK-35803 [+],6.891,2026-08-12 06:26:12.433,0.432,9.172,1.946E-03,0.124
60211,TIANHUI 5C [+],5.265,60212,TIANHUI 5D [+],5.332,2026-08-08 17:15:08.471,0.432,0.001,2.888E-05,0.095
60211,TIANHUI 5C [+],5.332,60212,TIANHUI 5D [+],5.400,2026-08-08 18:52:00.021,0.432,0.001,2.888E-05,0.095
60746,OBJECT B [+],0.466,69156,STARLINK-37345 [+],1.252,2026-08-06 17:56:30.512,0.432,10.872,5.299E-04,0.137
68103,STARLINK-37018 [+],3.342,58927,OBJECT L [-],3.019,2026-08-09 05:32:13.322,0.432,12.183,4.702E-04,0.155
69032,STARLINK-37596 [+],5.309,20893,CZ-4 DEB [-],5.349,2026-08-11 10:55:47.406,0.432,14.929,2.781E-04,0.262
52554,STARLINK-3770 [+],6.842,64157,STARLINK-34343 [P],6.917,2026-08-13 01:17:18.236,0.433,13.249,1.342E-03,0.179
60211,TIANHUI 5C [+],3.748,60212,TIANHUI 5D [+],3.815,2026-08-07 04:50:47.701,0.433,0.001,2.888E-05,0.095
60211,TIANHUI 5C [+],5.131,60212,TIANHUI 5D [+],5.198,2026-08-08 14:01:25.370,0.433,0.001,2.888E-05,0.095
60211,TIANHUI 5C [+],5.198,60212,TIANHUI 5D [+],5.265,2026-08-08 15:38:16.925,0.433,0.001,2.888E-05,0.095
63218,TEVEL2-3 [+],2.842,69512,STARLINK-37511 [+],3.089,2026-08-09 02:08:23.239,0.433,8.039,6.186E-04,0.118
63599,SHIYAN-27 OBJECT A [+],7.726,12660,COSMOS 1275 DEB [-],6.914,2026-08-12 22:03:53.932,0.433,14.578,7.986E-06,0.301
64962,ENSHI XIDA SHANQUAN [+],3.125,33504,KORONAS-FOTON [-],3.185,2026-08-09 10:01:38.444,0.433,15.302,7.859E-06,0.306
68211,STARLINK-37120 [+],6.055,36441,COSMOS 2251 DEB [-],10.580,2026-08-12 07:01:17.963,0.433,12.225,4.665E-04,0.156
68501,TRANSPORTER-16 OBJECT CP [+],5.082,61426,CZ-6A DEB [-],5.045,2026-08-11 04:44:38.001,0.433,10.829,1.739E-05,0.138
55402,STARLINK-5071 [+],2.880,61385,CZ-6A DEB [-],3.337,2026-08-08 20:15:26.423,0.434,14.520,3.023E-04,0.240
58199,TIANHUI 5A [+],6.743,58201,TIANHUI 5B [+],6.743,2026-08-10 05:46:36.731,0.434,0.001,1.885E-05,0.127
58199,TIANHUI 5A [+],6.810,58201,TIANHUI 5B [+],6.810,2026-08-10 07:23:21.891,0.434,0.001,1.885E-05,0.127
58199,TIANHUI 5A [+],6.877,58201,TIANHUI 5B [+],6.877,2026-08-10 09:00:07.000,0.434,0.001,1.885E-05,0.127
58199,TIANHUI 5A [+],6.944,58201,TIANHUI 5B [+],6.944,2026-08-10 10:36:52.048,0.434,0.001,1.885E-05,0.127
58199,TIANHUI 5A [+],7.011,58201,TIANHUI 5B [+],7.011,2026-08-10 12:13:37.045,0.434,0.001,1.885E-05,0.127
58199,TIANHUI 5A [+],7.079,58201,TIANHUI 5B [+],7.079,2026-08-10 13:50:21.991,0.434,0.001,1.885E-05,0.127
58199,TIANHUI 5A [+],7.146,58201,TIANHUI 5B [+],7.146,2026-08-10 15:27:06.870,0.434,0.001,1.885E-05,0.127
58199,TIANHUI 5A [+],7.213,58201,TIANHUI 5B [+],7.213,2026-08-10 17:03:51.695,0.434,0.001,1.885E-05,0.127
58199,TIANHUI 5A [+],7.280,58201,TIANHUI 5B [+],7.280,2026-08-10 18:40:36.464,0.434,0.001,1.885E-05,0.127
58199,TIANHUI 5A [+],7.347,58201,TIANHUI 5B [+],7.347,2026-08-10 20:17:21.175,0.434,0.001,1.885E-05,0.127
58199,TIANHUI 5A [+],7.414,58201,TIANHUI 5B [+],7.414,2026-08-10 21:54:05.829,0.434,0.001,1.885E-05,0.127
60211,TIANHUI 5C [+],3.815,60212,TIANHUI 5D [+],3.883,2026-08-07 06:27:36.569,0.434,0.001,2.888E-05,0.095
60211,TIANHUI 5C [+],4.996,60212,TIANHUI 5D [+],5.063,2026-08-08 10:47:42.246,0.434,0.001,2.888E-05,0.095
60211,TIANHUI 5C [+],5.063,60212,TIANHUI 5D [+],5.131,2026-08-08 12:24:33.806,0.434,0.001,2.888E-05,0.095
62153,STARLINK-32639 [+],4.793,67259,OBJECT M [+],4.485,2026-08-10 16:01:19.670,0.434,10.135,5.517E-04,0.131
50993,ION SCV-004 [+],1.987,52830,STARLINK-4091 [+],1.851,2026-08-08 02:25:51.002,0.435,14.447,3.185E-04,0.227
54770,STARLINK-5448 [+],7.244,63835,HERMES-3 [+],6.981,2026-08-13 03:13:31.567,0.435,10.718,5.301E-04,0.137
55111,ASTROCAST-0403 [+],2.144,60283,STARLINK-32037 [+],2.462,2026-08-08 08:43:22.362,0.435,12.618,4.411E-04,0.164
58199,TIANHUI 5A [+],6.474,58201,TIANHUI 5B [+],6.474,2026-08-09 23:19:35.541,0.435,0.001,1.885E-05,0.127
58199,TIANHUI 5A [+],6.541,58201,TIANHUI 5B [+],6.541,2026-08-10 00:56:20.920,0.435,0.001,1.885E-05,0.127
58199,TIANHUI 5A [+],6.608,58201,TIANHUI 5B [+],6.608,2026-08-10 02:33:06.245,0.435,0.001,1.885E-05,0.127
58199,TIANHUI 5A [+],6.675,58201,TIANHUI 5B [+],6.675,2026-08-10 04:09:51.516,0.435,0.001,1.885E-05,0.127
58199,TIANHUI 5A [+],7.482,58201,TIANHUI 5B [+],7.482,2026-08-10 23:30:50.420,0.435,0.001,1.885E-05,0.127
58199,TIANHUI 5A [+],7.549,58201,TIANHUI 5B [+],7.549,2026-08-11 01:07:34.953,0.435,0.001,1.885E-05,0.127
58199,TIANHUI 5A [+],7.616,58201,TIANHUI 5B [+],7.616,2026-08-11 02:44:19.425,0.435,0.001,1.885E-05,0.127
58199,TIANHUI 5A [+],7.683,58201,TIANHUI 5B [+],7.683,2026-08-11 04:21:03.835,0.435,0.001,1.885E-05,0.127
60211,TIANHUI 5C [+],4.861,60212,TIANHUI 5D [+],4.929,2026-08-08 07:33:59.102,0.435,0.001,2.888E-05,0.095
60211,TIANHUI 5C [+],4.929,60212,TIANHUI 5D [+],4.996,2026-08-08 09:10:50.680,0.435,0.001,2.888E-05,0.095
60468,TRANSPORTER-11 OBJECT A [+],2.660,68841,STARLINK-37495 [+],2.854,2026-08-08 20:50:39.531,0.435,8.239,6.070E-04,0.119
68991,YAM-11 [+],7.362,33799,COSMOS 2251 DEB [-],7.842,2026-08-13 15:11:19.783,0.435,14.904,8.554E-06,0.280
69006,JEN-1 [+],1.222,10338,DELTA 1 DEB [-],1.635,2026-08-07 11:17:48.279,0.435,10.179,1.827E-05,0.131
44408,MOMENTUS-X1 [+],7.350,62880,STARLINK-11352 [+],7.712,2026-08-13 11:15:25.143,0.436,8.282,6.047E-04,0.119
48232,ONEWEB-0220 [+],3.591,3679,COSMOS 249 DEB [-],3.519,2026-08-09 18:32:38.169,0.436,10.862,5.262E-05,0.147
58199,TIANHUI 5A [+],6.272,58201,TIANHUI 5B [+],6.272,2026-08-09 18:29:19.095,0.436,0.001,1.885E-05,0.127
58199,TIANHUI 5A [+],6.339,58201,TIANHUI 5B [+],6.339,2026-08-09 20:06:04.625,0.436,0.001,1.885E-05,0.127
58199,TIANHUI 5A [+],6.407,58201,TIANHUI 5B [+],6.407,2026-08-09 21:42:50.111,0.436,0.001,1.885E-05,0.127
58199,TIANHUI 5A [+],7.750,58201,TIANHUI 5B [+],7.750,2026-08-11 05:57:48.186,0.436,0.001,1.885E-05,0.127
58199,TIANHUI 5A [+],7.818,58201,TIANHUI 5B [+],7.818,2026-08-11 07:34:32.473,0.436,0.001,1.885E-05,0.127
59122,NUSAT-44 (MARIA MITCHELL) [+],7.689,63412,STARLINK-33645 [+],6.451,2026-08-12 04:00:34.371,0.436,8.946,5.840E-04,0.123
60155,STARLINK-32137 [+],3.308,61781,ASRTU-1 (AO-123) [+],2.843,2026-08-09 02:30:48.545,0.436,13.054,4.152E-04,0.174
60211,TIANHUI 5C [+],3.883,60212,TIANHUI 5D [+],3.950,2026-08-07 08:04:25.440,0.436,0.001,2.888E-05,0.095
60211,TIANHUI 5C [+],4.727,60212,TIANHUI 5D [+],4.794,2026-08-08 04:20:15.919,0.436,0.001,2.888E-05,0.095
60211,TIANHUI 5C [+],4.794,60212,TIANHUI 5D [+],4.861,2026-08-08 05:57:07.520,0.436,0.001,2.888E-05,0.095
63835,HERMES-3 [+],7.500,65697,STARLINK-35113 [+],7.969,2026-08-13 15:40:43.270,0.436,14.300,1.093E-05,0.218
46906,KSM1-C [+],6.188,58175,STARLINK-30753 [+],6.464,2026-08-12 08:44:25.738,0.437,6.799,6.351E-04,0.113
58199,TIANHUI 5A [+],6.071,58201,TIANHUI 5B [+],6.071,2026-08-09 13:39:02.169,0.437,0.001,1.885E-05,0.127
58199,TIANHUI 5A [+],6.138,58201,TIANHUI 5B [+],6.138,2026-08-09 15:15:47.864,0.437,0.001,1.885E-05,0.127
58199,TIANHUI 5A [+],6.205,58201,TIANHUI 5B [+],6.205,2026-08-09 16:52:33.510,0.437,0.001,1.885E-05,0.127
58199,TIANHUI 5A [+],7.885,58201,TIANHUI 5B [+],7.885,2026-08-11 09:11:16.698,0.437,0.001,1.885E-05,0.127
58199,TIANHUI 5A [+],7.952,58201,TIANHUI 5B [+],7.952,2026-08-11 10:48:00.858,0.437,0.001,1.885E-05,0.127
60211,TIANHUI 5C [+],4.592,60212,TIANHUI 5D [+],4.660,2026-08-08 01:06:32.731,0.437,0.001,2.888E-05,0.095
60211,TIANHUI 5C [+],4.660,60212,TIANHUI 5D [+],4.727,2026-08-08 02:43:24.323,0.437,0.001,2.888E-05,0.095
63226,ETIHAD-SAT [+],4.370,66697,IRIDE FM3 [+],4.407,2026-08-10 14:52:27.985,0.437,15.096,8.204E-06,0.290
64308,STARLINK-34374 [+],3.581,5042,COSMOS 397 DEB [-],3.952,2026-08-09 20:39:49.474,0.437,12.950,4.227E-04,0.170
64799,STARLINK-34662 [+],4.338,69502,STARS-X [+],4.306,2026-08-10 10:55:32.687,0.437,15.056,2.437E-04,0.296
65425,STARLINK-35095 [+],5.643,69787,KUIPER-00641 [+],6.066,2026-08-11 21:38:31.354,0.437,12.111,4.641E-04,0.155
39769,RISING 2 [+],0.707,64791,STARLINK-34697 [+],0.861,2026-08-06 23:46:15.813,0.438,15.005,2.470E-04,0.291
43160,JILIN-1 08 [+],6.362,60054,STARLINK-31735 [+],6.640,2026-08-12 14:50:58.654,0.438,14.699,2.925E-04,0.246
52643,STARLINK-3963 [+],5.852,64554,TRANSPORTER-14 OBJECT AC [+],5.199,2026-08-11 11:28:53.523,0.438,9.185,5.726E-04,0.125
56191,HAWK-7A [+],5.856,67173,STARLINK-36183 [+],6.824,2026-08-12 01:51:07.464,0.438,8.358,5.965E-04,0.121
56336,STARLINK-5562 [+],1.278,68691,JILIN GAOFEN OBJECT A [+],4.926,2026-08-07 05:24:45.455,0.438,9.587,5.585E-04,0.129
57012,OBJECT J [+],7.287,58043,STARLINK-30564 [+],7.605,2026-08-13 13:45:41.741,0.438,11.198,5.019E-04,0.143
57186,CSTP 1.2 (STC 1.2) [+],2.404,67731,STARLINK-36315 [+],2.593,2026-08-08 16:48:07.856,0.438,1.889,6.895E-04,0.104
58199,TIANHUI 5A [+],5.936,58201,TIANHUI 5B [+],5.936,2026-08-09 10:25:30.627,0.438,0.001,1.885E-05,0.127
58199,TIANHUI 5A [+],6.003,58201,TIANHUI 5B [+],6.003,2026-08-09 12:02:16.424,0.438,0.001,1.885E-05,0.127
58199,TIANHUI 5A [+],8.019,58201,TIANHUI 5B [+],8.019,2026-08-11 12:24:44.951,0.438,0.001,1.885E-05,0.127
58199,TIANHUI 5A [+],8.086,58201,TIANHUI 5B [+],8.086,2026-08-11 14:01:28.981,0.438,0.001,1.885E-05,0.127
60211,TIANHUI 5C [+],3.950,60212,TIANHUI 5D [+],4.017,2026-08-07 09:41:14.316,0.438,0.001,2.888E-05,0.095
60211,TIANHUI 5C [+],4.458,60212,TIANHUI 5D [+],4.525,2026-08-07 21:52:49.516,0.438,0.001,2.888E-05,0.095
60211,TIANHUI 5C [+],4.525,60212,TIANHUI 5D [+],4.592,2026-08-07 23:29:41.124,0.438,0.001,2.888E-05,0.095
65769,KUIPER-00148 [+],0.884,25860,OKEAN-O [?],0.570,2026-08-06 17:28:46.995,0.438,14.435,1.297E-04,0.239
53679,STARLINK-4632 [+],0.886,89172,UNKNOWN [-],1.775,2026-08-07 03:16:21.955,0.439,11.645,4.812E-04,0.149
56155,PIESAT C [+],3.409,56156,PIESAT D [+],3.409,2026-08-06 22:37:21.990,0.439,0.001,6.764E-05,0.061
58199,TIANHUI 5A [+],5.802,58201,TIANHUI 5B [+],5.802,2026-08-09 07:11:58.882,0.439,0.001,1.885E-05,0.127
58199,TIANHUI 5A [+],5.869,58201,TIANHUI 5B [+],5.869,2026-08-09 08:48:44.780,0.439,0.001,1.885E-05,0.127
58199,TIANHUI 5A [+],8.153,58201,TIANHUI 5B [+],8.153,2026-08-11 15:38:12.947,0.439,0.001,1.885E-05,0.127
58199,TIANHUI 5A [+],8.221,58201,TIANHUI 5B [+],8.221,2026-08-11 17:14:56.843,0.439,0.001,1.885E-05,0.127
58502,OBJECT A [+],7.168,69030,STARLINK-37615 [+],7.284,2026-08-13 11:07:19.401,0.439,14.979,2.601E-04,0.275
60211,TIANHUI 5C [+],4.256,60212,TIANHUI 5D [+],4.323,2026-08-07 17:02:14.650,0.439,0.001,2.888E-05,0.095
60211,TIANHUI 5C [+],4.323,60212,TIANHUI 5D [+],4.391,2026-08-07 18:39:06.278,0.439,0.001,2.888E-05,0.095
60211,TIANHUI 5C [+],4.391,60212,TIANHUI 5D [+],4.458,2026-08-07 20:15:57.899,0.439,0.001,2.888E-05,0.095
61056,STARLINK-11156 [P],4.819,61543,STARLINK-11364 [+],4.000,2026-08-10 07:20:37.704,0.439,7.445,2.031E-03,0.116
62703,CONNECTA IOT-5 [+],4.803,22626,COSMOS 2242 [?],4.731,2026-08-10 23:26:40.245,0.439,15.098,7.626E-06,0.311
68414,XINZHENGCHENG 01 [+],0.765,42345,NOAA 16 DEB [-],0.476,2026-08-06 17:26:08.335,0.439,15.115,7.686E-06,0.308
39491,COSMOS 2494 (SKRL-756 2) [+],7.328,55532,CZ-6A DEB [-],7.365,2026-08-13 13:01:53.527,0.440,12.898,1.366E-05,0.173
42841,LEMUR-2-PETERG [+],1.277,65410,STARLINK-35024 [+],1.229,2026-08-07 12:14:57.145,0.440,14.439,3.119E-04,0.229
50829,STARLINK-3294 [+],5.298,63835,HERMES-3 [+],5.432,2026-08-11 14:01:56.807,0.440,9.635,5.541E-04,0.129
56397,STARLINK-6271 [P],4.784,57063,STARLINK-5832 [+],5.383,2026-08-10 20:00:05.498,0.440,6.459,2.083E-03,0.113
58199,TIANHUI 5A [+],5.667,58201,TIANHUI 5B [+],5.667,2026-08-09 03:58:26.930,0.440,0.001,1.885E-05,0.127
58199,TIANHUI 5A [+],5.735,58201,TIANHUI 5B [+],5.735,2026-08-09 05:35:12.931,0.440,0.001,1.885E-05,0.127
58199,TIANHUI 5A [+],8.288,58201,TIANHUI 5B [+],8.288,2026-08-11 18:51:40.671,0.440,0.001,1.885E-05,0.127
60211,TIANHUI 5C [+],4.017,60212,TIANHUI 5D [+],4.084,2026-08-07 11:18:03.183,0.440,0.001,2.888E-05,0.095
60211,TIANHUI 5C [+],4.122,60212,TIANHUI 5D [+],4.189,2026-08-07 13:48:31.381,0.440,0.001,2.888E-05,0.095
60211,TIANHUI 5C [+],4.189,60212,TIANHUI 5D [+],4.256,2026-08-07 15:25:23.023,0.440,0.001,2.888E-05,0.095
60552,SATELIOT_3 [+],6.233,64344,STARLINK-33977 [+],6.229,2026-08-12 09:28:15.088,0.440,8.316,5.903E-04,0.121
61758,SITRO-AIS 20 [+],6.525,63094,STARLINK-32927 [+],7.059,2026-08-12 18:58:13.241,0.440,11.730,4.693E-04,0.152
58199,TIANHUI 5A [+],5.533,58201,TIANHUI 5B [+],5.533,2026-08-09 00:44:54.780,0.441,0.001,1.885E-05,0.127
58199,TIANHUI 5A [+],5.600,58201,TIANHUI 5B [+],5.600,2026-08-09 02:21:40.879,0.441,0.001,1.885E-05,0.127
58199,TIANHUI 5A [+],8.355,58201,TIANHUI 5B [+],8.355,2026-08-11 20:28:24.426,0.441,0.001,1.885E-05,0.127
58199,TIANHUI 5A [+],8.422,58201,TIANHUI 5B [+],8.422,2026-08-11 22:05:08.118,0.441,0.001,1.885E-05,0.127
60211,TIANHUI 5C [+],3.987,60212,TIANHUI 5D [+],4.054,2026-08-07 10:34:48.093,0.441,0.001,2.888E-05,0.095
60211,TIANHUI 5C [+],4.054,60212,TIANHUI 5D [+],4.122,2026-08-07 12:11:39.738,0.441,0.001,2.888E-05,0.095
60445,STARLINK-32228 [+],2.258,61779,ALTAIR (RS65S) [+],2.269,2026-08-08 13:28:25.817,0.441,13.940,3.483E-04,0.205
62177,STARLINK-32542 [+],4.180,55519,CZ-6A DEB [-],4.599,2026-08-10 09:47:04.406,0.441,15.015,8.036E-06,0.294
56153,PIESAT A [+],3.352,56156,PIESAT D [+],3.352,2026-08-06 21:16:00.245,0.442,0.001,1.400E-04,0.042
56155,PIESAT C [+],3.749,56156,PIESAT D [+],3.749,2026-08-07 06:47:04.021,0.442,0.001,6.764E-05,0.061
58199,TIANHUI 5A [+],5.466,58201,TIANHUI 5B [+],5.466,2026-08-08 23:08:08.624,0.442,0.001,1.885E-05,0.127
58199,TIANHUI 5A [+],8.489,58201,TIANHUI 5B [+],8.489,2026-08-11 23:41:51.736,0.442,0.001,1.885E-05,0.127
58921,NEXSAT-1 [+],7.036,65834,STARLINK-35320 [+],7.273,2026-08-13 07:27:33.986,0.442,14.057,3.377E-04,0.211
60211,TIANHUI 5C [+],3.785,60212,TIANHUI 5D [+],3.853,2026-08-07 05:44:13.108,0.442,0.001,2.888E-05,0.095
60211,TIANHUI 5C [+],3.853,60212,TIANHUI 5D [+],3.920,2026-08-07 07:21:04.773,0.442,0.001,2.888E-05,0.095
60211,TIANHUI 5C [+],3.920,60212,TIANHUI 5D [+],3.987,2026-08-07 08:57:56.432,0.442,0.001,2.888E-05,0.095
60211,TIANHUI 5C [+],4.084,60212,TIANHUI 5D [+],4.152,2026-08-07 12:54:52.058,0.442,0.001,2.888E-05,0.095
62623,OTTER [+],3.306,69597,KUIPER-00496 [+],3.058,2026-08-09 00:16:13.108,0.442,14.479,1.005E-05,0.234
63249,EZIE-C [+],4.408,26187,CZ-4B DEB [-],4.465,2026-08-10 15:09:02.906,0.442,15.000,8.122E-06,0.290
64435,STARLINK-34478 [+],2.419,64898,SKYKRAFT-4D [+],2.561,2026-08-08 16:26:55.759,0.442,13.598,3.636E-04,0.196
65172,HULIANWANG DIGUI-66 [+],0.743,87541,UNKNOWN [-],3.620,2026-08-06 23:59:35.988,0.442,14.404,7.893E-06,0.298
45544,STARLINK-1373 [P],7.563,62756,USA 485 [+],7.168,2026-08-13 10:40:49.840,0.443,7.779,5.990E-04,0.119
49181,STARLINK-3059 [+],3.841,49123,CZ-4C R/B [-],3.908,2026-08-10 02:50:11.358,0.443,15.045,2.368E-04,0.300
51973,STARLINK-3679 [+],1.728,61241,OBJECT D [+],1.309,2026-08-07 13:46:18.738,0.443,14.761,2.797E-04,0.254
55383,STARLINK-5531 [+],6.437,56191,HAWK-7A [+],6.448,2026-08-12 16:04:15.656,0.443,7.203,6.091E-04,0.117
58199,TIANHUI 5A [+],5.331,58201,TIANHUI 5B [+],5.331,2026-08-08 19:54:36.169,0.443,0.001,1.885E-05,0.127
58199,TIANHUI 5A [+],5.399,58201,TIANHUI 5B [+],5.399,2026-08-08 21:31:22.431,0.443,0.001,1.885E-05,0.127
58199,TIANHUI 5A [+],8.556,58201,TIANHUI 5B [+],8.556,2026-08-12 01:18:35.280,0.443,0.001,1.885E-05,0.127
59549,STARLINK-31722 [+],6.442,63297,OBJECT G [+],6.094,2026-08-12 10:31:36.683,0.443,14.348,3.141E-04,0.226
60211,TIANHUI 5C [+],3.583,60212,TIANHUI 5D [+],3.651,2026-08-07 00:53:38.067,0.443,0.001,2.888E-05,0.095
60211,TIANHUI 5C [+],3.651,60212,TIANHUI 5D [+],3.718,2026-08-07 02:30:29.756,0.443,0.001,2.888E-05,0.095
60211,TIANHUI 5C [+],3.718,60212,TIANHUI 5D [+],3.785,2026-08-07 04:07:21.438,0.443,0.001,2.888E-05,0.095
61764,SIT-2086 [+],4.408,62394,CROCUBE [+],4.626,2026-08-10 16:12:54.277,0.443,14.078,1.127E-05,0.209
64177,STARLINK-34164 [+],5.323,60656,CZ-6A DEB [-],5.211,2026-08-11 07:57:55.756,0.443,14.461,3.070E-04,0.231
65792,STARLINK-35373 [+],3.809,66998,OBJECT F [+],3.797,2026-08-09 23:37:56.994,0.443,14.288,3.127E-04,0.227
68359,CENTISPACE-2 S10 [+],6.448,37532,COSMOS 2251 DEB [-],7.431,2026-08-12 13:38:35.824,0.443,5.967,2.082E-05,0.113
69302,STARLINK-37804 [+],3.572,20893,CZ-4 DEB [-],3.497,2026-08-09 14:28:36.259,0.443,3.591,6.626E-04,0.107
42829,TECHNOSAT [+],1.877,40242,PEGASUS DEB [-],2.806,2026-08-08 04:30:36.519,0.444,13.226,1.291E-05,0.181
43083,YAOGAN-30 04C [+],2.572,65791,STARLINK-35330 [+],2.652,2026-08-08 20:40:12.755,0.444,12.201,4.403E-04,0.161
44047,EGYPTSAT-A (MISRSAT-A) [+],3.583,55194,CZ-6A DEB [-],3.764,2026-08-09 21:09:12.941,0.444,0.647,2.234E-05,0.105
55610,STARLINK-5722 [+],2.663,62612,GESAT GEN1 [+],2.527,2026-08-08 17:51:47.586,0.444,11.067,4.923E-04,0.144
58199,TIANHUI 5A [+],5.264,58201,TIANHUI 5B [+],5.264,2026-08-08 18:17:49.866,0.444,0.001,1.885E-05,0.127
58199,TIANHUI 5A [+],8.624,58201,TIANHUI 5B [+],8.624,2026-08-12 02:55:18.753,0.444,0.001,1.885E-05,0.127
60211,TIANHUI 5C [+],3.382,60212,TIANHUI 5D [+],3.449,2026-08-06 20:03:02.992,0.444,0.001,2.888E-05,0.095
60211,TIANHUI 5C [+],3.449,60212,TIANHUI 5D [+],3.516,2026-08-06 21:39:54.688,0.444,0.001,2.888E-05,0.095
60211,TIANHUI 5C [+],3.516,60212,TIANHUI 5D [+],3.583,2026-08-06 23:16:46.379,0.444,0.001,2.888E-05,0.095
60211,TIANHUI 5C [+],4.152,60212,TIANHUI 5D [+],4.219,2026-08-07 14:31:40.939,0.444,0.001,2.888E-05,0.095
63463,STARLINK-33696 [+],4.415,63990,SCS-01 J [+],4.251,2026-08-10 11:51:33.675,0.444,14.325,3.144E-04,0.225
52155,TIANPING 2B [+],0.777,56482,STARLINK-6220 [+],0.923,2026-08-07 01:05:58.779,0.445,14.769,2.628E-04,0.269
58199,TIANHUI 5A [+],5.130,58201,TIANHUI 5B [+],5.130,2026-08-08 15:04:17.111,0.445,0.001,1.885E-05,0.127
58199,TIANHUI 5A [+],5.197,58201,TIANHUI 5B [+],5.197,2026-08-08 16:41:03.511,0.445,0.001,1.885E-05,0.127
58199,TIANHUI 5A [+],8.691,58201,TIANHUI 5B [+],8.691,2026-08-12 04:32:02.143,0.445,0.001,1.885E-05,0.127
60211,TIANHUI 5C [+],3.314,60212,TIANHUI 5D [+],3.382,2026-08-06 18:26:11.281,0.445,0.001,2.888E-05,0.095
42838,LEMUR-2-ANDIS [+],2.025,65415,STARLINK-34238 [+],1.978,2026-08-08 05:52:59.254,0.446,14.436,3.053E-04,0.231
43770,FOX-1CLIFF (AO-95) [+],2.462,63120,STARLINK-32942 [+],4.161,2026-08-08 14:20:28.326,0.446,8.510,5.709E-04,0.124
43804,SUOMI-100 [+],3.006,67339,STARLINK-36451 [+],3.175,2026-08-09 03:32:50.215,0.446,14.247,3.167E-04,0.223
44927,STARLINK-1114 [P],6.930,69979,STARLINK-38063 [+],7.055,2026-08-13 04:23:05.598,0.446,14.257,1.086E-03,0.215
58199,TIANHUI 5A [+],5.063,58201,TIANHUI 5B [+],5.063,2026-08-08 13:27:30.653,0.446,0.001,1.885E-05,0.127
58199,TIANHUI 5A [+],8.758,58201,TIANHUI 5B [+],8.758,2026-08-12 06:08:45.465,0.446,0.001,1.885E-05,0.127
59708,STARLINK-11107 [+],4.207,60491,FLOCK 4BE-15 [-],3.635,2026-08-09 20:44:28.760,0.446,6.206,6.214E-04,0.114
60211,TIANHUI 5C [+],4.219,60212,TIANHUI 5D [+],4.286,2026-08-07 16:08:29.802,0.446,0.001,2.888E-05,0.095
60550,SATELIOT_1 [+],2.384,63866,STARLINK-34022 [+],2.318,2026-08-08 13:40:26.757,0.446,10.414,5.100E-04,0.138
64537,OTTER PUP 2 [+],1.810,64539,ELARASAT MMS-1 [+],1.350,2026-08-07 15:33:24.373,0.446,0.001,2.310E-05,0.109
48328,STARLINK-2504 [+],6.081,69763,KUIPER-00258 [+],6.273,2026-08-12 02:20:07.150,0.447,5.274,6.324E-04,0.111
53592,STARLINK-4672 [+],3.981,25979,ARIANE 40 R/B [-],3.198,2026-08-09 11:15:36.039,0.447,8.133,1.260E-03,0.122
53638,STARLINK-4594 [+],2.692,55530,CZ-6A DEB [-],3.742,2026-08-08 23:18:01.731,0.447,9.421,5.412E-04,0.130
58199,TIANHUI 5A [+],4.928,58201,TIANHUI 5B [+],4.928,2026-08-08 10:13:57.589,0.447,0.001,1.885E-05,0.127
58199,TIANHUI 5A [+],4.995,58201,TIANHUI 5B [+],4.995,2026-08-08 11:50:44.149,0.447,0.001,1.885E-05,0.127
58199,TIANHUI 5A [+],8.825,58201,TIANHUI 5B [+],8.825,2026-08-12 07:45:28.707,0.447,0.001,1.885E-05,0.127
58199,TIANHUI 5A [+],10.144,58201,TIANHUI 5B [+],10.144,2026-08-13 15:24:53.210,0.447,0.001,1.885E-05,0.127
59708,STARLINK-11107 [+],3.824,60491,FLOCK 4BE-15 [-],3.252,2026-08-09 11:33:37.651,0.447,6.113,6.178E-04,0.114
63353,LEMUR-2-KREMPEL-BRO2 [+],1.135,65262,OBJECT D [+],1.012,2026-08-07 07:41:02.649,0.447,14.620,9.400E-06,0.248
64881,239ALFEROV (RS61S) [+],2.879,66149,STARLINK-35601 [+],3.210,2026-08-09 03:26:36.413,0.447,12.977,4.005E-04,0.176
44744,STARLINK-1039 [P],