cat1,cat2,name1,name2,inc_diff,raan_diff,ecc_diff,arg_perigee_diff,mean_motion_diff,a_diff,alt_diff,is_debris1,is_debris2,target_range,target_speed,target_prob
10000,20000,SAT_0,DEBRIS_0,33.708610696262625,125.66910852355413,0.003702658576772393,93.43472132451924,0.7851170512077179,37.24697554867832,41.19491800665223,1,1,16.643444279480953,8.468000240359185,1e-08
10001,20001,SAT_1,SAT_B_1,85.56428757689245,96.49734594194167,0.010838018947567163,86.25273797335157,0.7409363972159995,34.41552436972956,36.53898269912205,0,0,12.782956894688585,14.828765336507525,1e-08
10002,20002,SAT_2,DEBRIS_2,65.87945476302646,55.71497093153899,0.017458916717528167,4.615571845158424,2.71876374156311,25.83012636792802,27.595794567878755,1,1,14.099009993378232,14.594359296505509,1e-08
10003,20003,SAT_3,SAT_B_3,53.8792635777333,146.48310354725075,0.014644497728191224,61.42460897270814,0.7486385995485183,43.02431910535639,37.1473876651088,1,0,14.602159705462078,12.748381167458573,1e-08
10004,20004,SAT_4,SAT_B_4,14.041677639819287,123.25161105969826,0.016131222957228995,68.43521138145427,0.815849178385893,9.061329473001706,10.1595118484426,0,0,4.022650178521777,4.979373137249886,1.3006615938805642e-08
10005,20005,SAT_5,SAT_B_5,14.039506830258238,29.271049082080435,0.013175667334214347,71.78810056144209,2.278194787253891,4.961426253417483,5.091043777855774,0,0,1.8691206029586571,3.8396406227836715,6.208268561318379e-05
10006,20006,SAT_6,SAT_B_6,5.227525095137952,163.96689320889163,0.01384553129035705,104.43102646091981,1.3492195273516199,38.43559041464623,37.01625192729029,0,0,14.177393826250539,1.8817548780217175,1e-08
10007,20007,SAT_7,SAT_B_7,77.95585311974416,148.0567037261704,0.016983913031306388,96.04845841083812,2.3301316708655437,19.78978425768699,20.073546941061345,1,0,7.166316226261875,13.276682825343718,1e-08
10008,20008,SAT_8,DEBRIS_8,54.10035105688879,170.96398439254634,0.004993360177183719,109.42291670282003,0.19609847269315572,38.12124999660737,31.35001925999747,0,1,12.426796941169252,11.97393380750574,1e-08
10009,20009,SAT_9,SAT_B_9,63.726532001644095,130.6295115099048,0.00978849927286281,137.6789870775831,1.4627135810201528,40.1944047235339,41.836960373140315,0,0,14.978317403879768,14.052694397821554,1e-08
10010,20010,SAT_10,DEBRIS_10,1.8526044866222202,110.41473526844217,0.004424188836392045,146.33743296889682,0.1008408005498479,2.8574688331772613,2.563329132938167,0,1,3.4331455960771873,1.9046053733614878,7.99802885330554e-06
10011,20011,SAT_11,SAT_B_11,87.29188669457949,75.2837465323114,0.01975336015993294,129.262153720769,0.18795961036606357,39.761741096223425,34.38328852679691,1,0,15.975956478423276,14.873831452492757,1e-08
10012,20012,SAT_12,SAT_B_12,74.91983767203796,167.89112700372237,0.018881186793732265,171.99426527188825,2.719312360033233,20.20194153885553,17.12648041074418,1,0,7.005894027089272,14.513616059107346,1e-08
10013,20013,SAT_13,DEBRIS_13,19.110519961044854,155.8915001100735,0.000788536227370118,3.2818648817450935,0.4177361133527855,22.99394038074024,25.55244939642635,0,1,11.504865976141263,5.373558460422458,1e-08
10014,20014,SAT_14,SAT_B_14,16.364247048639054,8.139360619114093,0.01411150345031377,35.240037423038295,1.5972620468256513,28.2153333736398,26.439845730352804,1,0,12.450059503310698,5.190429854145823,1e-08
10015,20015,SAT_15,SAT_B_15,16.506405886809045,4.746055409505361,0.018504966348313317,1.3613174960655816,1.2332868078021195,41.6908981725174,48.08514675036711,0,0,18.05069239993071,5.503830228091148,1e-08
10016,20016,SAT_16,DEBRIS_16,27.381801866358394,67.76340603804893,0.0036115069025466707,116.54544854782854,1.0420299787765281,0.9092684446178932,0.8605497083245378,0,1,0.5564577595608827,6.738921915180731,0.0022914966975160333
10017,20017,SAT_17,DEBRIS_17,47.228078846901404,145.89959954072992,0.01135890461105259,161.64549881099765,2.699500037061817,21.48411390088588,17.816006617834805,1,1,8.554155857392836,11.479889780740617,1e-08
10018,20018,SAT_18,DEBRIS_18,38.87505167779042,177.70970327669,0.01830976595176084,43.82681338373387,0.0654701903264685,30.963105807253704,27.5059993702022,0,1,14.506955336117187,10.327430394021501,1e-08
10019,20019,SAT_19,DEBRIS_19,26.210622617823773,27.075040398635075,0.0006789195717159768,166.8662180633352,1.9913690585267672,32.53567774853537,36.55647461117949,0,1,13.922754025952052,7.0875261685446365,1e-08
10020,20020,SAT_20,DEBRIS_20,55.06676052501415,106.94352876338432,0.013948405344936798,10.848130252120953,2.890183302640651,31.179332797593005,30.693252680350433,0,1,11.429890991757937,12.863863741386249,1e-08
10021,20021,SAT_21,DEBRIS_21,12.554447458683764,68.56035419358388,0.005946980147451015,168.19848482499256,1.6805045503855258,6.092859066895078,5.7587953443264635,1,1,3.1171476596363954,5.606995657091346,9.751348131265923e-05
10022,20022,SAT_22,SAT_B_22,26.293018368169633,174.58459160662858,0.01848792390753061,63.292083703134196,2.8104673860992753,13.507831697307074,13.723981623639185,1,0,6.337494009779031,7.260703492197327,1e-08
10023,20023,SAT_23,SAT_B_23,32.97256589643225,151.58140616442756,0.019421164903307357,18.255749120858972,0.1567736378580713,16.174262867494758,16.98585945520922,0,0,6.9050833192862235,8.907129702752648,1e-08
10024,20024,SAT_24,SAT_B_24,41.046298579533236,150.89916684800482,0.01888532978226868,87.45691665353861,1.2563799572224843,36.20945248519375,40.25549241833694,1,0,13.684186202897335,9.892999067696579,1e-08
10025,20025,SAT_25,SAT_B_25,70.66583652537122,84.36476876309465,0.009484284333149276,46.21978218969143,0.7804733728861535,12.58025626503416,14.402505416209923,0,0,5.338628823305265,14.312356774007004,1e-08
10026,20026,SAT_26,DEBRIS_26,17.970640394252378,74.66751042077973,0.01724085301978627,51.27712235314611,2.1924628949421896,9.521188125830784,9.178645629997458,0,1,5.706142953242313,5.687844454586729,4.734725678686568e-08
10027,20027,SAT_27,DEBRIS_27,46.28109945722505,49.21327294752712,0.016890987970701408,55.31219368673158,2.94389127149174,43.087288455762426,37.37370854013112,0,1,16.912275081509794,11.271222137951783,1e-08
10028,20028,SAT_28,SAT_B_28,53.31731119758382,10.14758939716688,0.006382009464865113,144.54466160987943,0.7695901873327434,0.44840466585042704,0.42986469510899944,0,0,0.3847661051322245,11.75714752134153,0.007253668507794182
10029,20029,SAT_29,SAT_B_29,4.180537144799795,155.65002772590958,0.01657830948301355,97.04902980154581,1.9625238044222235,44.90204746290492,46.07076022893029,0,0,20.526425533494155,2.3091928023300063,1e-08
10030,20030,SAT_30,DEBRIS_30,54.67903667112945,146.32218164341396,0.0007401526943098524,56.03538584808066,0.5942928982792204,30.473117383639934,27.536243494845262,1,1,10.686299039553976,13.190878279407846,1e-08
10031,20031,SAT_31,SAT_B_31,15.347171131856237,179.9491811915035,0.01192539756964106,109.8600809959653,1.6959907637148297,37.289695010237814,33.72050844071719,0,0,13.97601299316895,5.076723481823579,1e-08
10032,20032,SAT_32,DEBRIS_32,5.8546433686751564,179.39463067330297,0.004600176745754061,128.90712136017484,1.3917974600650087,13.293141865761385,13.750143973878606,0,1,6.844432661579716,3.088663636110179,1e-08
10033,20033,SAT_33,SAT_B_33,85.39969835279999,99.97770700847295,0.0024113377155455763,49.072320132036076,2.9160159888946113,0.6934717311343461,0.6900978280876144,0,0,2.7585813818921867,14.837036710777292,1.9181869760482304e-06
10034,20034,SAT_34,SAT_B_34,86.90688297671034,138.41773473249188,0.001539064032584183,74.43883827456327,1.8255818180893997,33.21723485934078,33.326177409267515,0,0,16.02904090723515,15.354845722766568,1e-08
10035,20035,SAT_35,SAT_B_35,72.7557613304815,170.05783137883705,0.013925775517562796,21.93949680065056,1.0485191162604564,37.544799635180375,34.69704409862706,1,0,13.144084596101031,14.519320581243056,1e-08
10036,20036,SAT_36,SAT_B_36,27.41523922560336,152.93653032193407,0.0067974992753613225,32.606882916242455,0.3422873546638001,33.33440213131068,32.56637512544306,0,0,14.456687112002086,7.078560122782014,1e-08
10037,20037,SAT_37,DEBRIS_37,8.790490260574549,44.52265831377558,0.01449533543057523,122.60121371369691,0.4537404862048037,6.471120414172695,5.873038017439731,0,1,2.3670800441666002,3.468201504174667,0.00010987662744616083
10038,20038,SAT_38,DEBRIS_38,61.58097238609412,81.09794435581684,0.0013071268159788475,32.65890258521285,0.6759507898537053,33.91658510545076,36.935834122615844,1,1,14.316032487134802,12.841121564272418,1e-08
10039,20039,SAT_39,DEBRIS_39,39.61372443656412,23.248694727269097,0.006305806756612207,94.52940906007083,0.752899984020894,34.61307905573846,38.19639576225785,0,1,14.873305077921268,9.682557681258317,1e-08
10040,20040,SAT_40,SAT_B_40,10.983441136030095,171.72918490657003,0.010789825847506745,127.62832711003789,2.5518481735234135,29.65139617936897,24.17719140689257,0,0,10.991664613115395,3.9239131636805658,1e-08
10041,20041,SAT_41,SAT_B_41,44.56592191001432,109.1114342011584,0.015814463296779272,19.23784615705389,1.6836683648475748,34.4869111791616,31.281315331609427,0,0,11.87545948288181,11.032488320690188,1e-08
10042,20042,SAT_42,DEBRIS_42,3.0949669003696556,41.15570499062329,0.006375050058641398,102.11619953320263,1.5701727341230993,38.07416871351406,32.37625797921314,0,1,15.292238888658048,1.3504609082842247,1e-08
10043,20043,SAT_43,DEBRIS_43,81.83883618709038,120.90612319305421,0.012517827528740182,46.181301066245474,0.3443066156076524,27.63150493497376,25.835390979832233,1,1,9.599236702876095,15.387235872051603,1e-08
10044,20044,SAT_44,SAT_B_44,23.290198344001524,111.26308328242125,0.017719554964723744,173.32683754276437,2.580419080048305,4.0327818929370745,3.9991331795616745,1,0,1.497434013286433,6.942362742846347,0.0005294361968331577
10045,20045,SAT_45,SAT_B_45,59.62700559185838,64.46928924591128,0.012317263763646091,87.03821640958645,2.168442909625451,21.96887004454113,18.784163300316404,0,0,8.958092380299176,12.753614563083339,1e-08
10046,20046,SAT_46,DEBRIS_46,28.053996848046985,20.440366595933224,0.004659189495072676,145.07865895952847,0.20300508570000475,3.5403375934886476,3.213968098255251,1,1,2.1517395858074724,6.92139540647034,0.0010502292560209377
10047,20047,SAT_47,SAT_B_47,46.80612190600297,120.88317520670392,0.0004880156311307604,99.04077758812711,2.1235052916893062,18.369059244907767,16.524884000195073,0,0,8.907022874397487,11.188324072285889,1e-08
10048,20048,SAT_48,SAT_B_48,49.203925140895166,93.65538616268279,0.0174019774780186,7.814255913867449,1.6306146520279383,18.349436686196963,18.729760559989266,0,0,7.233662805304154,11.424177624850643,1e-08
10049,20049,SAT_49,SAT_B_49,16.636900997297435,139.01731051241507,0.0004253882170077428,113.96724760692402,0.24517603724033477,3.017142494103859,3.038064668703612,0,0,1.3465709121404,5.207586265422875,0.000190119017511146
10050,20050,SAT_50,SAT_B_50,87.26261649881027,93.62943020015881,0.01749403345368399,171.25260159719826,1.3749019245859695,15.729483001928097,14.594227144220946,0,0,8.004151061520462,14.80269486238277,1e-08
10051,20051,SAT_51,DEBRIS_51,69.76195410250031,153.39267005733723,0.01057874268054424,108.29012762633961,1.454088861390141,5.039364540669602,5.128471023980558,0,1,2.9857302652683986,13.1443082674505,7.26748631693297e-05
10052,20052,SAT_52,DEBRIS_52,84.55490474077702,99.3432309794074,0.018781353970257923,147.45399469682224,0.49732362048982726,36.38017268991454,34.39134110157236,0,1,12.659887136246656,14.743555235497329,1e-08
10053,20053,SAT_53,SAT_B_53,80.5344615384884,100.96883487636953,0.01597566471547331,159.1571634027134,2.837094441000847,42.64857676710296,41.49000638441131,1,0,16.616794852844443,14.65929921987605,1e-08
10054,20054,SAT_54,SAT_B_54,53.810998092997664,157.7976484785021,0.01995868221066675,41.054358950807845,2.549926114441986,3.30062556284434,3.852969437587805,0,0,2.349125531038684,12.654447099976995,6.371477817453973e-06
10055,20055,SAT_55,SAT_B_55,82.96868115208052,72.62691591823146,0.007014236309034203,38.1680711834808,2.007067011987325,42.98242856776198,48.74405570840655,0,0,17.596873035973925,14.547115710284528,1e-08
10056,20056,SAT_56,SAT_B_56,7.964325184672755,24.122741121115332,0.015343765778622539,109.97657799317851,1.3868866830018216,23.539818140186696,20.480627542619242,0,0,8.56387490054659,3.9514169063252096,1e-08
10057,20057,SAT_57,SAT_B_57,17.638457617723066,5.180881736401015,0.008038618272184843,73.98512456520685,1.2352966247535255,13.515477224026633,14.636900183614886,0,0,7.611288600276104,4.425712420693044,1e-08
10058,20058,SAT_58,DEBRIS_58,4.0704560019484255,135.9247060212514,0.009597512406078177,151.17503451600967,1.9529204014528625,3.50495028366355,3.7893407420464436,0,1,3.9476925167251755,2.835150728242738,1.7086361147628965e-06
10059,20059,SAT_59,SAT_B_59,29.27972976869379,111.65571924362364,0.012550109264367401,162.004162211642,1.6362956082207165,22.553060849765284,19.963375667486346,0,0,9.239287855067726,7.83706031354154,1e-08
10060,20060,SAT_60,SAT_B_60,34.98095607205338,126.73435825786024,0.017473542283726776,63.61584827448926,0.18681931764565685,35.76347372485915,38.69170699975206,1,0,13.279932650174024,9.541389506550443,1e-08
10061,20061,SAT_61,SAT_B_61,24.421412859650633,38.33354907160393,0.019681669383985904,42.636700615406774,1.537507946310995,31.833537153138085,36.729318439516376,0,0,14.869059714367472,6.945438238628377,1e-08
10062,20062,SAT_62,SAT_B_62,74.58637582367363,24.546865605618557,0.015365468277290364,140.49459274389514,2.4192108516985185,2.3076592153056206,2.048614128633282,0,0,2.4334771832761586,15.073422559351515,2.941301030337176e-06
10063,20063,SAT_63,SAT_B_63,32.10779940242303,2.618039820218747,0.008355335643346675,49.465086398664496,1.3777196327908743,3.3269374997872627,3.021690045647967,0,0,2.904531982762479,8.34121068977785,3.3790614774386046e-07
10064,20064,SAT_64,SAT_B_64,25.28410587186427,63.105760585187454,0.008427140045541404,148.0705773324621,0.15586973266280524,18.15915405433704,20.00714118949442,0,0,7.411739374496404,6.544767078059629,1e-08
10065,20065,SAT_65,DEBRIS_65,48.84264748424236,106.18518363383396,0.01475164603177783,76.2728856567773,2.3588345981520993,13.323307707455053,13.68502926418118,0,1,7.916918690800718,12.300340987447065,1e-08
10066,20066,SAT_66,SAT_B_66,12.683180247728638,70.60392811795182,0.004775542915366047,120.15898187246468,0.6040913464079232,10.495675321369351,11.074486914604568,1,0,5.737753234161758,4.173185150392207,3.495150633292741e-08
10067,20067,SAT_67,SAT_B_67,72.19772826786357,78.74548596427123,0.0022094822626278934,17.196356490240273,0.7758625046641163,12.681152225946677,13.113058595915739,0,0,4.713957598493554,14.449997582377355,1e-08
10068,20068,SAT_68,DEBRIS_68,6.709557931179374,162.74856500887472,0.0070924431528155306,112.29467844178315,0.4941190602968877,36.16654931119496,37.579561640188004,0,1,13.736705383451532,3.429718464560132,1e-08
10069,20069,SAT_69,DEBRIS_69,88.81982429404655,62.68598406419406,0.005744779833081635,81.31818217270124,0.9906451946144926,41.818801010751834,36.27165361273687,0,1,16.799499250509477,14.481094980684354,1e-08
10070,20070,SAT_70,SAT_B_70,69.50202923669917,92.51810804876594,0.005926162409119802,105.58952337158534,2.270254517065905,18.259366119014114,20.17170186382684,0,0,6.855765489496132,14.423992817140716,1e-08
10071,20071,SAT_71,DEBRIS_71,17.884411338075516,141.05754229340576,0.004672155020998199,30.242557394075416,1.558157578511812,40.779689545855746,45.54924122457018,0,1,20.119202160648506,5.143000920814011,1e-08
10072,20072,SAT_72,SAT_B_72,0.4969905411242159,71.37770081782863,0.0008418637927272377,132.63727408995277,0.6146438224521377,14.501231771092296,14.168586936504918,1,0,6.724133244216328,1.253616694957462,1e-08
10073,20073,SAT_73,SAT_B_73,73.39152856093507,111.97560604101723,0.0003574786946682762,155.30347395778114,2.6334902344561226,21.465842536153435,21.372515600287773,0,0,9.001346596458847,14.460407949455227,1e-08
10074,20074,SAT_74,SAT_B_74,63.61716094628554,155.22546757441413,0.01975444779472063,39.013164016339616,2.6387455648545877,10.21000345182919,8.64674216320764,1,0,3.74406466525491,12.812548619906256,2.764030733090181e-06
10075,20075,SAT_75,DEBRIS_75,65.61064512368885,170.91371225837557,0.008555462674717247,17.22861999362911,2.6117352751380207,28.83939809580419,30.32247785895009,0,1,10.829513916594799,13.379074954086843,1e-08
10076,20076,SAT_76,DEBRIS_76,69.41433120173512,26.473226567226828,0.007686532943193634,4.254945488340551,0.7163886341446178,44.05520112710766,46.575411692205186,1,1,20.205837342783205,14.794372103961564,1e-08
10077,20077,SAT_77,SAT_B_77,6.664018656068133,166.785772529069,0.013592945653861398,115.55487007978788,1.3537180325429643,27.177014667149873,27.00799804903435,0,0,10.019466902482879,3.2445443322531067,1e-08
10078,20078,SAT_78,SAT_B_78,32.261915568984534,88.58093275431688,0.0043650777573012835,109.27692649598053,2.9549689684226252,16.133743080904022,17.947745904934212,1,0,8.260465391344354,8.534987550996613,1e-08
10079,20079,SAT_79,DEBRIS_79,10.428215357261674,46.483989893812506,0.018999223679004508,98.4055342885326,2.316037428929971,29.169394197274254,28.194911152995484,0,1,10.773532106312627,3.8194098082142713,1e-08
10080,20080,SAT_80,SAT_B_80,77.67930832880342,82.64443612288703,0.01572690028831104,41.75047730087557,0.08150226367667945,5.5752844970191715,5.890068363575145,1,0,2.24924020644917,14.53504511531034,9.937131450978056e-05
10081,20081,SAT_81,SAT_B_81,56.096831414480214,176.40586355138586,0.0017882200462451903,70.36307926299264,0.19561377378147615,39.995225657929666,35.91705512579619,0,0,13.208854553734074,13.332035554794835,1e-08
10082,20082,SAT_82,DEBRIS_82,29.780822236738427,88.67125691871652,0.008351615515698567,107.00574033351114,1.3917941304369983,22.663623587553648,22.61024587934455,0,1,9.110333160489095,7.954055721067654,1e-08
10083,20083,SAT_83,DEBRIS_83,5.720251525742127,59.17528985175148,0.017582366151243294,89.41803459465049,2.7276606175846805,20.248270904681913,19.895233679941775,0,1,12.607079014793975,2.691387079493225,1e-08
10084,20084,SAT_84,DEBRIS_84,27.9884089544096,114.01215377701064,0.018894640445828205,177.8013936386797,1.6161053938581427,26.38462224098569,26.97908868208086,1,1,10.054508989244166,8.249257522582038,1e-08
10085,20085,SAT_85,DEBRIS_85,29.266498982407235,43.22621138007475,0.009348030224997394,24.55915546021196,1.4934375241028706,28.134034632383642,27.094406291044034,0,1,10.311851031911504,7.5577542959880395,1e-08
10086,20086,SAT_86,SAT_B_86,65.66455605042577,13.655399059559505,0.012268227784214155,125.12601972856689,0.31642109986989175,3.2763224898817604,3.233247827681539,1,0,1.780699180739762,14.553244359729693,0.001079371737664473
10087,20087,SAT_87,DEBRIS_87,57.38017242196918,23.19834994391686,0.0033406789218415047,72.77737825877259,1.9703403141728821,30.73364409399194,33.27238807118514,0,1,12.377178446018828,12.058038734783642,1e-08
10088,20088,SAT_88,DEBRIS_88,79.84914683186939,23.04825101239904,0.01982337252273953,77.07593068661066,2.4663094818006766,10.924829030183057,10.447671568350474,0,1,4.609768406904611,15.59881166060355,3.9780742167226686e-07
10089,20089,SAT_89,SAT_B_89,42.49934326457544,27.342484832212982,0.004633434027668868,129.16759781847173,1.141260022522687,32.142170831171214,26.978283268632172,0,0,13.40631079622434,10.336690451233737,1e-08
10090,20090,SAT_90,SAT_B_90,10.763482134447154,24.988891076893825,0.018854635482702515,124.63850723838654,2.3268355527759823,37.02293900756964,43.500412824971924,1,0,15.319898678263508,3.655872509232805,1e-08
10091,20091,SAT_91,SAT_B_91,64.19203085006956,115.35745406457863,0.012992932979847369,178.4260788663939,2.893429961702435,36.18793491448579,41.18713194318602,1,0,14.738793352974382,12.678558451315626,1e-08
10092,20092,SAT_92,SAT_B_92,68.47065437552077,32.738415191846066,0.012154735897577183,23.11097210174254,0.6112993773830673,24.884918484984617,21.66913330209563,1,0,8.29996121160374,13.80977294530534,1e-08
10093,20093,SAT_93,DEBRIS_93,50.51494778125466,62.220110998295375,0.010253770220330171,18.739736889149942,1.5699888935842239,23.431636659368266,25.04773492873184,0,1,14.623297977465594,11.330805666232276,1e-08
10094,20094,SAT_94,DEBRIS_94,69.38704619591049,161.42191378308212,0.004613396234355174,130.3809870831734,0.8614138742537266,6.472274462206557,6.146735385949191,0,1,2.6416571379160025,13.812700346495667,3.5167497879629225e-05
10095,20095,SAT_95,SAT_B_95,44.44160367279517,85.31309524731702,0.0035305606401101653,104.10964506115364,2.378563257101518,34.901809460620946,35.82142751910037,1,0,12.523848714671551,10.793855422770699,1e-08
10096,20096,SAT_96,SAT_B_96,47.045954644379464,120.16039293378489,0.004409724181403507,49.348919980765054,1.7327800976434724,12.249851651079812,12.61027184433816,0,0,6.001691740595018,11.779122290803135,1e-08
10097,20097,SAT_97,DEBRIS_97,38.47869165226947,31.01757681629337,0.0037287652428850903,14.295486418017589,1.9037472526509114,22.3764592556667,21.851937596367836,1,1,9.094016266064143,9.89048654114492,1e-08
10098,20098,SAT_98,SAT_B_98,2.2877214069685667,34.61202338556074,0.015591689471335067,15.418484927357497,2.393742478847682,12.828120477091877,11.822696438696838,1,0,5.1033460252062826,1.9047020675361916,1.4564874373549184e-07
10099,20099,SAT_99,SAT_B_99,9.7102284293974,7.356350927966195,0.007002505183334602,160.9543574395413,1.1879114179873647,6.065584916836207,5.646731377697637,1,0,2.8719550883603384,2.9798220587957593,6.531862212228602e-05
10100,20100,SAT_100,SAT_B_100,2.8286267118060824,30.408311352989617,0.0011568535312679274,34.536118449373724,2.7452702052211295,28.348618475283562,25.75134096907186,1,0,11.71868286848449,1.4406363615630995,1e-08
10101,20101,SAT_101,SAT_B_101,57.27693701374024,50.14626102575255,0.019382052602816228,58.20688118079374,1.5990866017384198,2.492224965289527,2.2849161578861095,0,0,1.1675149676434502,13.709209407725039,0.000258276791133866
10102,20102,SAT_102,SAT_B_102,28.2920382968694,31.861887169814427,0.017675717699268515,40.798152400857845,0.473864468506044,33.70160327397269,33.47520166598596,0,0,14.334590944461489,7.373128283780057,1e-08
10103,20103,SAT_103,SAT_B_103,45.77136220482325,15.96645607627001,0.01855504566390426,63.899335049748714,2.0876973545064073,14.325526446987196,13.300162581617062,1,0,6.3882347459199185,11.91666053183795,1e-08
10104,20104,SAT_104,SAT_B_104,81.68098265334837,21.714456798108145,0.019898156452928705,12.496291694296806,2.379784051314763,0.05605445055161514,0.059877655930726637,0,0,0.8448124472802729,14.733263323861559,0.0004839704887881678
10105,20105,SAT_105,SAT_B_105,22.436300623398743,82.94017824589064,0.003477904984389746,93.43076236348867,0.95028503120258,23.02525480871348,26.4496769777024,1,0,9.672536732439871,6.467997598912017,1e-08
10106,20106,SAT_106,SAT_B_106,36.93446307320668,37.14006931304265,0.007924840378053175,12.170261446598683,2.571537770996259,2.1559932883157606,2.030934198789799,1,0,1.18446262030331,10.027618067641225,0.002251583208377951
10107,20107,SAT_107,SAT_B_107,67.99960246887439,65.56857498865358,0.015164769514081827,144.0641714080251,2.718429764297299,12.463821624049432,12.76221112311619,0,0,6.524196955318363,14.631047536025898,1e-08
10108,20108,SAT_108,DEBRIS_108,20.59183489424602,90.61510875387424,0.013920412361075845,42.06817474387795,0.8307134621334268,31.828593111134445,33.419020517086885,1,1,12.546944049555384,5.998167554399354,1e-08
10109,20109,SAT_109,DEBRIS_109,6.928191884591369,124.27106915328575,0.0030779181267971013,97.20214462881191,2.950564418145666,2.8678984919028707,3.0032639519972824,0,1,1.6212174916022546,2.6705076380010038,7.878155438874051e-05
10110,20110,SAT_110,SAT_B_110,26.07763076223912,7.076185171397809,0.016316662499812357,158.41423576106249,0.42213458414627525,37.7782652314023,38.06521105710792,0,0,14.64947868257533,7.238361506829744,1e-08
10111,20111,SAT_111,SAT_B_111,14.509915852860399,143.8938718036277,0.0044888114367332135,117.15792642849495,0.6060470052074699,0.22170552350331074,0.23817120293922542,0,0,8.276667015064074,4.82653498280438,1e-08
10112,20112,SAT_112,DEBRIS_112,83.67278871083158,113.0220701083634,0.004476352296452462,95.93240157924035,0.5526745177140784,11.144732920625508,11.682186498513238,0,1,4.8752380388917524,15.361592284569317,4.949307671948001e-08
10113,20113,SAT_113,SAT_B_113,72.73083416079753,14.716625750796943,0.010739488457868271,58.38007556076761,2.681969130023611,33.35363732403561,29.2255829676464,0,0,14.65977526780107,14.380020531482797,1e-08
10114,20114,SAT_114,SAT_B_114,57.00633808593811,157.2441523392199,0.011858798696834063,59.94034435047563,1.9628776569748856,14.26634323033234,15.506311103862563,0,0,5.8859323355511926,13.083928341347418,1e-08
10115,20115,SAT_115,DEBRIS_115,78.43145311689459,165.75703209572637,0.011601724156756223,120.50765193567422,0.4563128496668186,4.630062843567308,5.040884077273955,1,1,1.7971175544919353,15.53883957043263,0.0012615114349534826
10116,20116,SAT_116,DEBRIS_116,72.33048692092031,10.994032773875475,0.0018297367479550974,178.94508501981016,1.3209702551050468,16.242514650079237,15.002746077146984,1,1,5.789616852637876,14.539613882950507,6.318436186730592e-07
10117,20117,SAT_117,DEBRIS_117,16.791305299743225,49.83797666649667,0.017549217252607607,119.13105417288816,1.8458940752094062,12.204178222984424,12.250478233504102,0,1,5.104442304343218,5.342460394139599,2.964618749359469e-07
10118,20118,SAT_118,SAT_B_118,80.330309864098,145.11623036275103,0.005312000851774122,100.40101512660448,0.2503922549681499,37.929900002116945,40.52176003870406,0,0,14.175827150856065,14.044480579745164,1e-08
10119,20119,SAT_119,DEBRIS_119,48.540801772408564,134.6867442690585,0.0025902984256560837,131.5170918430643,2.6472491052220164,14.134988895452185,13.839124043910289,1,1,4.898413739092886,10.226733042245844,1.164552364582761e-05
10120,20120,SAT_120,SAT_B_120,72.66961396476563,33.21378348414792,0.017774961597379544,83.73701021106926,2.4108106063246053,35.51251460633152,39.32292946568788,0,0,16.899146254791575,14.567708664799028,1e-08
10121,20121,SAT_121,DEBRIS_121,80.64821699311439,37.68287820060785,0.019113029964595067,10.825621668141338,1.5156203207299148,40.13965290924253,49.628155054815174,0,1,18.742268795475052,14.769175650828876,1e-08
10122,20122,SAT_122,SAT_B_122,28.62031274746775,66.68497850244876,0.017242552345309012,101.21342685802377,2.9013798457775115,19.550093009965003,18.013483005710274,0,0,8.57910407695104,7.5528513621114035,1e-08
10123,20123,SAT_123,SAT_B_123,9.904673207490909,87.21413733438384,0.01619032149449756,172.37255121096842,1.2532829378252992,40.951944316254924,35.29629814759315,0,0,13.487601308779169,3.6954954850297157,1e-08
10124,20124,SAT_124,DEBRIS_124,20.51416462877475,111.28585887545327,0.013104839612780434,31.554529624378734,2.9523309571094933,17.01044652564552,17.52725552304887,0,1,6.259388000955472,6.005855425991025,1e-08
10125,20125,SAT_125,SAT_B_125,38.43970097636307,66.40445512255903,0.011017147412182786,124.20088034771983,2.0037599964108814,43.38532482123036,46.515847187602205,1,0,15.925965859176596,10.343221265212334,1e-08
10126,20126,SAT_126,SAT_B_126,73.62132893302439,83.25624890396662,0.0017397351982282028,36.168063958630164,1.9040138197618244,4.063564127424503,3.9697500959260856,0,0,3.344674901220722,14.483037807028554,1.452744775925613e-07
10127,20127,SAT_127,DEBRIS_127,77.46575249307091,134.5447688640762,0.008169064261413974,96.44898320515463,0.497864685887355,30.931516029320765,35.42667157955035,0,1,15.698623131652047,14.297635503945783,1e-08
10128,20128,SAT_128,SAT_B_128,0.6256917478071633,6.602976520307622,0.00745377034024628,17.40176093640953,2.645783274913932,22.246941118538945,19.26895267780116,0,0,8.04542079877306,1.8457813833960843,1e-08
10129,20129,SAT_129,SAT_B_129,45.967257231980916,45.43864998192374,0.005195075675206524,81.06676852647333,1.2824690637618454,17.47481380523134,18.685676197196806,0,0,6.558643318558055,11.012843820519741,1e-08
10130,20130,SAT_130,SAT_B_130,37.56699028339011,128.40292545921943,0.0144684022737717,136.1093992011443,0.48670021734743807,28.490398949749615,26.764277300605254,1,0,10.713783039283921,9.876971052581121,1e-08
10131,20131,SAT_131,DEBRIS_131,19.98970294236572,161.13723078369588,0.009917514701575416,62.562874363016775,0.03782255992727712,31.68837626896319,37.136805673007075,1,1,12.834098770097496,5.678842014744855,1e-08
10132,20132,SAT_132,DEBRIS_132,10.787883060031453,92.1019395808199,0.0016209243181529588,119.68411040769925,1.6792670509151477,0.2461289707813935,0.2951705460955329,1,1,0.8105387759847732,3.4580819032963364,0.008421589409949424
10133,20133,SAT_133,SAT_B_133,30.385365426326516,95.78042734775681,0.004403664038996227,143.18099294215125,1.5821988663680289,7.554541339186582,6.97536745064968,0,0,3.9948924118224705,8.222309629674942,1e-08
10134,20134,SAT_134,DEBRIS_134,84.86187335212672,19.290962041159688,0.013665175273191919,166.89200750630147,2.1580608671074755,32.10141997601262,30.337263533951024,1,1,12.795262638425472,14.950961663991048,1e-08
10135,20135,SAT_135,SAT_B_135,29.08826388186797,80.53422602822184,0.0015226171898060038,42.235574733981636,2.6707741590534066,30.004024340340383,32.58313392870076,1,0,11.203048807770235,8.148871727939802,1e-08
10136,20136,SAT_136,DEBRIS_136,46.691155956902946,95.87110796190417,0.017024138280975373,71.87686484567547,0.23821975392908856,43.47383535553404,41.79082994253102,1,1,14.943599796203548,11.107480173104497,1e-08
10137,20137,SAT_137,SAT_B_137,63.27170630056601,43.64469065425134,0.009902930540279487,27.43488239947514,2.194489471021087,34.2586486717727,34.10307597568291,0,0,19.728341815489586,12.607281793681796,1e-08
10138,20138,SAT_138,SAT_B_138,32.726664214136456,48.46378157088857,0.00961173154653296,178.64703038850755,0.5622358322927467,42.787233212523645,42.895863239588216,0,0,15.404629180006006,8.444333041444205,1e-08
10139,20139,SAT_139,DEBRIS_139,87.46038744488646,67.91114935883208,0.011848155693190351,166.86017422637315,2.574531159471492,31.629195543989574,25.557423780197244,0,1,9.948864452883122,15.383355228249703,1e-08
10140,20140,SAT_140,SAT_B_140,86.62025654479001,3.6128155999907463,0.016493619318502982,97.19228345050072,2.457190541584968,13.447446778342972,13.428838542929524,1,0,5.028735418031713,14.827310074590537,8.780424402281986e-08
10141,20141,SAT_141,SAT_B_141,22.660406624282775,57.97424980497209,0.006956184158043861,151.56599298775583,1.6223812649566332,4.786153255175998,4.456038972073744,0,0,1.6787362926094753,6.393512830628418,0.00020588632757862475
10142,20142,SAT_142,SAT_B_142,44.75236553031469,38.06064125937804,0.013560323051181272,93.7724359089676,2.1307283958699346,35.192982657354854,33.457536363688746,0,0,12.726358796518712,11.408996070877276,1e-08
10143,20143,SAT_143,DEBRIS_143,27.07904788350927,58.94952339202464,0.011314639279915821,112.24542384049674,0.9430503395512452,29.004507505342424,33.191691033298795,1,1,13.431293618961007,7.126040288318761,1e-08
10144,20144,SAT_144,SAT_B_144,25.635644493972084,21.55718372746522,0.005340565403388426,16.04239778088299,1.4135036967984438,2.2159612570786655,1.9375241973811583,1,0,1.3560031586582821,6.39912295567063,0.0017753683619628601
10145,20145,SAT_145,SAT_B_145,3.3198252619079516,160.29491053318108,0.01757259972710316,135.94867568942541,2.464910693131415,16.23426844224898,17.554447572278566,1,0,6.837005142247663,1.918835068883203,1e-08
10146,20146,SAT_146,SAT_B_146,54.860790058190716,106.84664163972876,0.015948520432138562,22.988427054342267,1.3777955915196416,43.05815170601866,41.85698888856041,0,0,16.52872631199253,12.242946173457781,1e-08
10147,20147,SAT_147,SAT_B_147,45.24111209059753,122.23841744600813,0.01316903669316851,148.6921734454551,1.0733947959763253,22.543031499673546,21.91236727059799,1,0,8.840571325898093,10.515927820577527,1e-08
10148,20148,SAT_148,SAT_B_148,4.633087612499041,142.0508229493209,0.01701163458188484,140.76505578066946,1.4826373417508996,19.501174664085724,21.042492703534627,0,0,10.108414047626884,2.226999403977357,1e-08
10149,20149,SAT_149,DEBRIS_149,25.07818178129503,89.7195958072303,0.017345884019196046,127.57404559373576,2.484747757311655,20.623597251910265,21.324905346328215,0,1,10.383793276295066,7.2949456360096745,1e-08
10150,20150,SAT_150,DEBRIS_150,81.74392973699884,15.645651855736265,0.014167259534300695,6.508868494457181,1.0056241421126182,9.43927844403211,9.977895940485997,0,1,3.436411154722932,14.852334986452979,1.1023651570759215e-05
10151,20151,SAT_151,SAT_B_151,21.560570160027517,96.6791775273386,0.01674026656727344,54.56310407015915,0.5212847794072314,16.623387330372548,18.232838192308847,0,0,8.408005497961856,6.424778174889426,1e-08
10152,20152,SAT_152,SAT_B_152,13.040538488210078,105.63140124375825,0.013949429233385673,47.360262583951716,2.1360420609923425,16.67310585662359,16.120711882223354,0,0,6.661426627958267,5.220541288166576,1e-08
10153,20153,SAT_153,SAT_B_153,44.05074842498067,134.1791053531794,0.013602815435206009,64.82455334487344,2.4779346381242453,2.4033581574268843,2.2562157424113245,1,0,7.564948612772976,10.623634835008945,1e-08
10154,20154,SAT_154,SAT_B_154,88.70854086995406,77.69871832134228,0.012372227564303687,15.775694417490937,0.3019124355706,34.552164901880424,30.80273490818168,0,0,12.343613809061962,15.13566884314497,1e-08
10155,20155,SAT_155,DEBRIS_155,21.784974436035036,22.964454503201477,0.015054332791152826,168.6524081455913,0.7196223382678342,18.77187421407936,17.22242394970521,1,1,12.772516298533537,6.0669090933242655,1e-08
10156,20156,SAT_156,SAT_B_156,60.49219926652907,51.0796630437704,0.003172102105861474,99.68440332822773,0.4259159692829817,37.00698591239823,47.920695497571444,0,0,17.2522983394286,12.786803443163805,1e-08
10157,20157,SAT_157,SAT_B_157,68.54576537958458,65.35481335175432,0.01761741518397857,54.99437591844424,1.0438242347464999,38.273142650339295,43.036922565089654,0,0,14.787091380388622,13.751344399613405,1e-08
10158,20158,SAT_158,DEBRIS_158,21.38737895931597,116.26510343968822,0.01743687055490464,71.45667307337102,1.351052936716238,9.57913275870468,8.284920686625739,0,1,4.2634225817599125,5.993089949412238,4.37753295321244e-07
10159,20159,SAT_159,SAT_B_159,65.53947137506736,102.74009484040414,0.000584945660691183,80.49645729087042,2.2464790108899195,29.598039023547283,25.683822802477604,0,0,16.854591493008403,13.941142901961864,1e-08
10160,20160,SAT_160,DEBRIS_160,33.10048194473279,64.09741066161233,0.016516335011295253,108.10698000491111,1.9534427546450224,21.27906709712603,22.304433123039598,0,1,10.58568882955574,9.910842196641438,1e-08
10161,20161,SAT_161,SAT_B_161,56.90752475342215,177.57274478273635,0.002577397349468904,92.8222969853696,1.8627857024352936,39.613045369570756,41.78092789434099,0,0,14.461801054623106,12.40348621457871,1e-08
10162,20162,SAT_162,DEBRIS_162,57.01767396848052,109.0394674842397,0.006702377085182838,165.49055517859512,1.0571248398289632,9.747543528981614,10.282570436692653,0,1,5.366808028802007,12.567659092498255,2.199497590872732e-08
10163,20163,SAT_163,DEBRIS_163,48.21972156672826,42.70082251247901,0.014870165125832155,89.45342692304945,2.52434265925428,30.51770335393649,29.739636826332568,0,1,11.171590816849443,11.459172739853209,1e-08
10164,20164,SAT_164,DEBRIS_164,8.126079304896747,18.32084507167267,0.003215197920966164,178.58844266819628,1.4138615021944938,27.368457895259883,27.025108931992847,0,1,9.53080059858964,3.348554901005255,1e-08
10165,20165,SAT_165,DEBRIS_165,75.17722460303142,27.514645053179766,0.016359340482381243,153.25649239411723,2.9373148140454637,13.323801416853884,13.760661583709068,1,1,5.535668729603569,14.672535846976169,1.394416569086097e-06
10166,20166,SAT_166,SAT_B_166,28.870205847456226,44.27239110921146,0.01664268355915484,37.531892584320445,1.9024264148872105,6.190210619120209,6.2433801990867215,0,0,2.5885453516618786,8.50506147781045,4.40270219976966e-06
10167,20167,SAT_167,SAT_B_167,16.786665935986882,28.92264718672002,0.010149354675216724,167.50713863590494,0.3787942246935082,29.341207233453584,22.829512018446966,1,0,11.539887857863997,3.972368144694811,1e-08
10168,20168,SAT_168,DEBRIS_168,3.6697627399287525,33.58206432923504,0.0001277174343366716,20.945951619385696,2.028532686226302,33.24995574304826,32.48587298840886,1,1,12.111886562702654,0.8898131667892926,1e-08
10169,20169,SAT_169,SAT_B_169,53.18036488694176,51.31713036489248,0.005740762663498255,147.14094752841447,0.9753120462950969,14.237449102162584,13.02526352485909,1,0,7.386913182594659,11.999320267655232,1e-08
10170,20170,SAT_170,SAT_B_170,60.980792565805416,31.207247153055867,0.012338538367514845,68.51219282578441,2.058981590058292,29.03522555080301,29.543955857511495,1,0,10.27497218063002,13.816158540617087,1e-08
10171,20171,SAT_171,SAT_B_171,1.4929046035070537,161.41777643275654,0.01962372356054847,158.0353776801125,0.20892344448721722,17.811134297137073,23.128219197847756,0,0,7.859176004564026,0.7767094888784007,1e-08
10172,20172,SAT_172,SAT_B_172,46.088375246935286,14.442074219095598,0.012636270540333368,156.25020421934107,0.5246443115278782,32.10864940355366,33.288583399448505,1,0,11.897970888833683,9.63784752133165,1e-08
10173,20173,SAT_173,SAT_B_173,20.384619767814417,94.41205012264584,0.005196071621283196,145.0665720211718,2.5672117767173592,9.004726606487688,8.722401695787656,1,0,3.504202028980854,6.29241170372683,4.1825895316995304e-06
10174,20174,SAT_174,SAT_B_174,58.06555113685049,73.87142885813907,0.012680114061992227,142.20547853527106,0.6815386710705447,40.065164368496035,43.75837723768055,0,0,14.87738418302991,13.033251227356946,1e-08
10175,20175,SAT_175,DEBRIS_175,15.692978610449229,176.82815104354916,0.01079970759431711,54.842245037647345,2.51112337572882,12.96906136112781,13.595062243876752,0,1,4.985137205821275,4.38755387665847,5.6099466924441384e-08
10176,20176,SAT_176,SAT_B_176,62.184396429221934,20.167002390249422,0.015596907903022872,14.565470949225393,0.8378282653632313,16.581980149639076,17.278579999803593,0,0,7.169388145231075,12.912694428415303,1e-08
10177,20177,SAT_177,SAT_B_177,34.806181167048365,71.6140078282335,0.0021396127765391684,72.53643217772907,1.928645730176123,2.6612332460117227,2.8227303434144706,1,0,1.4903447847057694,8.592197828804645,0.001212529890649972
10178,20178,SAT_178,SAT_B_178,84.30569898630611,174.5046779895664,0.01522055805004056,31.23441269757156,2.082451720529493,5.062473943841374,6.103593764973795,1,0,2.8004580625602684,14.987170785724484,4.853486106975139e-05
10179,20179,SAT_179,SAT_B_179,12.376884973139394,155.79128266091644,0.010825331573522206,125.09119600244311,1.5379642594351588,23.23799252691915,20.61003482603086,0,0,8.327198505966281,3.844752130204464,1e-08
10180,20180,SAT_180,DEBRIS_180,30.695971594523265,147.0729727708704,0.019259840077179895,62.29795077680139,0.9159320300901939,12.07829081892232,12.65035741541221,0,1,7.481876015864091,8.491689926099784,1e-08
10181,20181,SAT_181,SAT_B_181,10.212616911653017,46.42250886808917,0.006837443320773722,175.6098361547847,0.6379331291132884,37.604836147111634,34.12119508683845,0,0,16.010510502537315,2.219446850245804,1e-08
10182,20182,SAT_182,SAT_B_182,83.22242564507064,30.759765730211846,0.012652437862678962,115.37497392215977,0.09956806368727866,0.7104678200401753,0.7499352059253279,0,0,1.2852963298859041,14.475136569597314,0.0005371636836069784
10183,20183,SAT_183,DEBRIS_183,78.9605418042883,120.35577958639757,0.018640562110200348,148.04650145418498,0.9118392037221714,17.090277487803533,15.520216747243577,1,1,6.278650505652356,14.181611543451792,2.9204967479742515e-07
10184,20184,SAT_184,SAT_B_184,23.214746494364004,167.28767804296544,0.0020501945598135852,23.854441093532717,1.959488371593849,15.213682327270718,14.578713715657422,0,0,5.377213413016738,6.511492393469043,1e-08
10185,20185,SAT_185,SAT_B_185,59.398564143076115,100.21732074250735,0.018744569744729024,155.16260680907206,2.814914455345448,0.9187770097461666,0.891664826845191,0,0,4.925474310443342,12.809040045877689,1e-08
10186,20186,SAT_186,SAT_B_186,73.54999801810942,102.89028410458198,0.013757714446016268,166.096294292411,2.613613446789156,5.6403595350729345,6.190755248816886,0,0,2.1873802754425857,14.834049389252511,1.3276463165717818e-05
10187,20187,SAT_187,DEBRIS_187,49.96807304395161,50.396236858851154,0.001356741182103438,87.67114538740846,2.2981943296059075,18.64323823759266,20.35553473847207,1,1,7.407578411690318,10.836800392312991,4.797655926251016e-08
10188,20188,SAT_188,SAT_B_188,47.66855205204058,138.50872797454863,0.006019271338936325,109.12552879517594,2.365342029759896,22.204263070912727,19.438239437050452,0,0,7.759161622643255,11.424555639465002,1e-08
10189,20189,SAT_189,SAT_B_189,21.76670618104065,33.66787474035421,0.014163441772905632,137.66576416253918,1.9949547104279857,18.22282413910637,18.32292960350521,1,0,6.987388714090076,6.59659795203493,1e-08
10190,20190,SAT_190,SAT_B_190,8.37924910253093,58.262262552763865,0.001347012029375434,31.47095290687426,0.780860572698009,23.91564864462362,22.218642395475193,0,0,8.310280533893648,4.139325030383174,1e-08
10191,20191,SAT_191,SAT_B_191,80.74941821579941,76.57855895095501,0.011643409203525466,90.46189376341964,2.72158509211749,26.801168787010386,23.42822853398128,0,0,11.008724210241517,14.579644348087587,1e-08
10192,20192,SAT_192,SAT_B_192,81.03762514469975,91.3698681632019,0.006917661139059135,71.75934499901636,2.012196935717502,0.4960757596962116,0.4853100698805815,0,0,0.3774872086391819,14.993743107060254,0.012967866611406392
10193,20193,SAT_193,SAT_B_193,56.979131154594114,43.633751834714445,0.012418310355349543,26.34731858920484,1.6813218929413198,20.911077417435003,20.266006670300417,0,0,8.711266291292933,11.868984113763597,1e-08
10194,20194,SAT_194,SAT_B_194,30.51268119438306,20.670628453056636,0.0009148406762502571,66.15619601247566,0.3329684076404432,43.359290877897095,53.88136147886149,0,0,17.488486079792718,7.0106828388962255,1e-08
10195,20195,SAT_195,DEBRIS_195,31.42886171513948,109.91160763949387,0.017430736123047526,12.271015689388843,1.3411666314192763,23.38050099182322,24.392782754449758,1,1,8.505351919405404,8.81825265405788,1e-08
10196,20196,SAT_196,DEBRIS_196,65.33601109832155,51.95349958324604,0.01946977938354794,4.646143250907658,1.3810748136057789,30.50552492227995,26.30303042201721,1,1,13.448874972817823,13.73825458352739,1e-08
10197,20197,SAT_197,SAT_B_197,80.73992339573194,104.62287985607021,0.01937755710571383,24.3299320478681,2.59369082856801,14.068280413363901,13.273740507278383,1,0,5.091310185535278,15.40941586979113,9.510423090705847e-08
10198,20198,SAT_198,DEBRIS_198,79.83777818386056,27.785288749356415,0.014993036634858495,173.3607200860513,1.6399446605633654,34.84091244796667,38.39950504515381,0,1,15.498689819342864,14.096806301418502,1e-08
10199,20199,SAT_199,SAT_B_199,70.18879912718614,86.60521833386714,0.0026017248026126392,98.91531646110306,1.141201646911229,34.792820610331376,42.059102085472006,1,0,14.820713883608109,14.44319158907856,1e-08
10200,20200,SAT_200,SAT_B_200,57.7828481538859,95.86609785928546,0.015165263918580451,173.8479890075796,2.930400985531978,23.482257342053547,19.758010514236126,0,0,7.605522377486181,13.809672716248638,1e-08
10201,20201,SAT_201,DEBRIS_201,7.572596849554395,9.328236628036844,0.0004917383291760302,77.84961809942375,0.332161779978947,43.92182135640065,35.664851055638806,0,1,18.397897209080682,3.2284485626307964,1e-08
10202,20202,SAT_202,DEBRIS_202,14.54658426851524,60.5887700749057,0.0004424710305799451,56.12690395534672,1.267645284935834,5.69348215358127,6.7587128371763985,0,1,2.6412226126505924,4.804396354005435,0.00014470944547845423
10203,20203,SAT_203,DEBRIS_203,80.86987696743714,24.194641849015362,0.006472204382990825,91.10553531124394,0.12607402551421587,0.8117975367866658,0.843426319735352,0,1,3.245829112696401,14.82943920679169,1.1055681049176339e-05
10204,20204,SAT_204,SAT_B_204,54.57861536936309,11.407494685098193,0.009772863808093316,79.11210395392382,2.219712362300791,34.668611618481464,31.65836126922426,1,0,11.81930931215864,11.660338420827788,1e-08
10205,20205,SAT_205,DEBRIS_205,0.8277346454966683,178.19284183019013,0.015408148356155865,19.019643167113905,2.754229656597452,36.33164140455147,38.27403662869581,0,1,16.000189809781688,2.0771439227122293,1e-08
10206,20206,SAT_206,SAT_B_206,9.132438857942889,58.02369209545014,0.013665907532130104,115.34873664423712,0.8401119886514683,5.453314948969902,4.015958694280466,0,0,1.6511646208161401,3.0848668964147277,3.501872108186399e-05
10207,20207,SAT_207,DEBRIS_207,59.715159219725024,145.7774002538343,0.008918054127534967,38.88687285172793,2.5750250303973625,11.987948341489345,11.991994881360657,0,1,5.282076362821869,13.368941930929191,1.0181398538363128e-07
10208,20208,SAT_208,DEBRIS_208,0.4555425461596818,45.83531785747749,0.005472533325633318,111.52583188160932,0.8766546913856933,0.8389787333299695,0.8664822325650332,0,1,2.510026258158068,0.5282015896724525,8.126861664775869e-05
10209,20209,SAT_209,SAT_B_209,14.472724627574879,122.67049000030727,0.019942490003154224,117.03619663166761,2.7323104849317454,13.234222054586384,14.457421681093104,0,0,8.981958237859617,4.059153662270909,1e-08
10210,20210,SAT_210,DEBRIS_210,49.38604104299275,136.84101478014358,0.008523626044719458,27.364473563156658,2.261885710790352,34.80272723264429,31.27409280565235,0,1,15.083906926259317,12.393299467957377,1e-08
10211,20211,SAT_211,SAT_B_211,62.27056779234239,107.21497330941197,0.00902774048659351,11.042932879920269,2.414720330524316,23.332325720680426,23.532253796674794,1,0,10.785374425426697,13.241484056860516,1e-08
10212,20212,SAT_212,SAT_B_212,58.67651335523405,84.88371393902851,0.0032724764238333836,140.53708549231916,0.0540196668013635,15.696896912914552,14.244267417321566,1,0,8.499837542282553,13.71522974281418,1e-08
10213,20213,SAT_213,SAT_B_213,20.18423785145038,74.13136454650834,0.015896190974998586,82.76407627847763,2.8884310712220778,16.75968130603955,17.187696341623653,0,0,6.294744415226041,5.922436742245781,1e-08
10214,20214,SAT_214,SAT_B_214,64.09612992127823,62.796287977739155,0.013873644515629772,10.469483190985642,2.18001297621097,0.11084547591029353,0.10092096698960748,0,0,0.5483098268829982,12.692541278951246,0.006002962510447734
10215,20215,SAT_215,DEBRIS_215,21.352417874712007,167.31524596460866,0.004415392255775208,179.07593709055809,0.9142532861584,13.526033714057355,12.974035143135731,0,1,5.145269957853712,6.670661403894233,1.4469500903721566e-07
10216,20216,SAT_216,DEBRIS_216,29.285972834334096,149.51149340179126,0.001647620912316854,10.400500979345995,2.488183994576541,29.10832043662498,26.209669075897157,1,1,10.328124876509696,7.655585170189371,1e-08
10217,20217,SAT_217,SAT_B_217,67.18422646062217,173.70484391997226,0.013609986041494262,125.10634119453957,0.8445635952447899,43.840040249545254,46.69462415449393,0,0,16.674563240539268,14.269583189590174,1e-08
10218,20218,SAT_218,DEBRIS_218,58.46696091424932,22.37350022739805,0.013090224285622705,177.06220654741446,2.6182615186983837,38.12538417292628,41.39826203454757,0,1,15.188181576100813,12.974879888560892,1e-08
10219,20219,SAT_219,DEBRIS_219,76.43010694447601,131.55614553665598,0.005465190539964186,43.05241875886661,0.33774117123581104,1.1105936608165343,1.0845368490473477,0,1,0.654811806739986,13.843205956686889,0.005200029359721515
10220,20220,SAT_220,SAT_B_220,59.185160307030905,168.90128222778682,0.019017271245008207,25.60488636369531,2.111057932382387,40.440299180134026,40.59493477575723,0,0,15.957850710491869,13.133963408543943,1e-08
10221,20221,SAT_221,DEBRIS_221,51.147774300192445,32.621951909818826,0.003021157835618005,21.8492890960372,1.622095429934731,35.254768677773235,30.147793154621844,0,1,11.602876913711922,13.045089068947693,1e-08
10222,20222,SAT_222,SAT_B_222,8.430729104528323,11.969328126019949,0.008646696020852038,54.5895265621672,0.28960341058632244,35.12790675451557,34.07520541974675,1,0,12.65149338243577,3.469760606643027,1e-08
10223,20223,SAT_223,DEBRIS_223,33.09442227534902,133.40171687221064,0.01887231840335198,18.188245981916403,0.725681484776517,20.63690936721054,20.53330255403994,0,1,8.261986798726284,8.706322737263939,1e-08
10224,20224,SAT_224,SAT_B_224,23.86821309135529,103.40516037238415,0.008394546338522447,124.58904150494374,0.03721210883194437,17.940337918304902,22.64212928500856,0,0,9.61717239841912,7.321625164706648,1e-08
10225,20225,SAT_225,SAT_B_225,21.95906790411752,151.52917981648898,0.012770518953281712,11.212523663411284,1.4063038963935175,13.66606201105201,12.14644097820453,1,0,6.506748974589051,6.465763059328694,1e-08
10226,20226,SAT_226,SAT_B_226,87.57094992772011,25.15902779273211,0.007951887959255886,91.69598306696214,0.9037957822800011,3.0029839099987417,3.4426739789347374,1,0,2.7046981615285928,15.09236739987507,3.501173792067744e-05
10227,20227,SAT_227,DEBRIS_227,35.378795220008435,143.14811613478022,0.005484304046973401,179.40543369353583,1.7950724528932764,10.309179589041776,11.336859201098868,0,1,4.077750036372129,8.644103953649008,1.0674176700660775e-06
10228,20228,SAT_228,SAT_B_228,80.2841899659402,36.29291760859402,0.019679552959196565,146.51464851108338,0.8917134231258516,11.134833392262209,11.447317353042326,0,0,5.157633368257024,14.918989772254,1e-08
10229,20229,SAT_229,SAT_B_229,56.80247633975366,29.45806971582681,0.00818668012630086,110.73949888158197,0.8997573345209541,21.809264283473563,25.644686174887752,0,0,8.547589728117902,13.265395811707275,1e-08
10230,20230,SAT_230,SAT_B_230,71.53301731874836,29.56784362757873,0.01788198407358269,55.1256517415901,2.22957959619481,33.64762607652139,34.89967265685169,1,0,12.747766260575062,13.871356526515239,1e-08
10231,20231,SAT_231,DEBRIS_231,45.23733837946729,146.6234496416488,0.004599092117821724,112.30125053249492,0.14442850793506035,21.347751786487702,22.17851917794252,0,1,8.44828279744678,11.71065887745083,1e-08
10232,20232,SAT_232,SAT_B_232,51.92134961637232,119.73549972531602,0.004262094080501666,94.86746350409729,2.7086849855759616,2.650108002649869,2.6360304558830907,1,0,0.9956606864194837,12.01702244109658,0.0017311521722968958
10233,20233,SAT_233,SAT_B_233,44.32659244369775,94.15177645844147,0.0006226816576902272,76.69500910026687,2.5567916231735444,43.102651554419765,48.37655787359185,1,0,16.630992616446907,10.398829110109267,1e-08
10234,20234,SAT_234,SAT_B_234,17.571868901824004,64.58948714223045,0.013033336507517701,23.527867813235904,2.0034140496792197,42.425458143280345,47.07727910172418,0,0,20.4627203792406,5.865061658136238,1e-08
10235,20235,SAT_235,SAT_B_235,65.02069037353547,157.89609734635948,0.007370526874475223,159.58875874328402,1.779664710322153,35.344269964520954,33.13285926852742,0,0,16.54495058100584,13.56575559888316,1e-08
10236,20236,SAT_236,DEBRIS_236,25.269512619677023,70.64011933607436,0.017287164996792743,80.96123678783805,2.676907494418957,44.61018917531172,38.72500248330669,0,1,15.0980830080479,7.470656399352092,1e-08
10237,20237,SAT_237,DEBRIS_237,2.1884369788308455,146.98789910488387,0.009464198133831144,35.032052127737714,0.5559905385861433,24.52448085937182,24.02668138370853,0,1,8.560093155726113,1.581089474785257,1e-08
10238,20238,SAT_238,SAT_B_238,58.0925066316451,79.04428354263932,0.019363868558294434,66.19668315791213,0.23690748657248584,43.326437343881615,39.86015527057525,0,0,14.777018377990514,12.884942382036868,1e-08
10239,20239,SAT_239,SAT_B_239,15.939961146634404,67.84999729648337,0.003710510314062423,74.54335545520686,0.7185305097286143,3.448446575722947,3.4265404655422897,1,0,1.9594830905773644,5.236673024752098,0.0003053157161834743
10240,20240,SAT_240,DEBRIS_240,84.64127259176229,83.28236142052916,0.017372463359112217,148.95682120203736,2.3837348361005706,16.487349634348643,18.527557152090004,1,1,10.617039773441029,15.08513558091762,1e-08
10241,20241,SAT_241,SAT_B_241,85.85357193023286,54.24801734954558,0.015531937055834834,132.05058850105237,0.10401080017944997,10.180887996904126,9.715314303780376,0,0,3.7085232441111784,13.966112878393803,3.094096345808544e-08
10242,20242,SAT_242,DEBRIS_242,82.33779511984037,134.5696884317252,0.01541843689288104,138.47488085544117,1.7484205052504689,8.85269713183544,8.814786889344191,1,1,5.263673045967396,14.31616300825181,3.961735649929272e-06
10243,20243,SAT_243,DEBRIS_243,33.31428302299,90.48967021664625,0.016895664562337754,1.9856275971564985,2.9863125485739297,6.3790925527257905,6.4161057922762925,0,1,2.422666968322021,9.244094942787317,0.0001428342894204128
10244,20244,SAT_244,DEBRIS_244,1.3910954875980686,41.79828512642712,0.015220479818859978,74.90771967235708,2.567088281512618,28.027493188391553,30.405432265574518,0,1,16.260659035046668,1.4689516999837677,1e-08
10245,20245,SAT_245,SAT_B_245,83.54867063289528,161.92342318942232,0.012524406432628308,86.64194729435825,1.5643370671307684,35.170417415841364,27.26801383949733,0,0,11.46013507385112,14.650748044317226,1e-08
10246,20246,SAT_246,SAT_B_246,38.53657334855829,69.10041984717806,0.0026248975536477515,3.4546098281502036,0.19092272785992703,26.044513053945213,24.464391679260494,0,0,11.048602017278268,9.118307136364445,1e-08
10247,20247,SAT_247,DEBRIS_247,86.99893371393026,97.83951500051795,0.0006505235898250384,46.76637757410616,2.4941205431571296,6.655973795990025,6.796603667923245,1,1,2.996890383257991,14.44120597562673,0.00012832227918817873
10248,20248,SAT_248,SAT_B_248,86.72579793803276,163.16497997361844,0.018416956956313738,136.8521681619843,1.7969355245316316,36.51001345850952,40.8915033435514,1,0,15.146760245679822,13.966574031061635,1e-08
10249,20249,SAT_249,DEBRIS_249,76.7708509920624,112.36283926451858,0.01233300629041476,24.67974703121983,0.3447989911787005,28.636164087009597,27.227544166850667,0,1,10.070753137695073,14.58314357939902,1e-08
10250,20250,SAT_250,SAT_B_250,26.50040028626271,21.041647327505533,0.015930745819523525,96.3558236614665,0.2815718544700686,17.49804849040845,14.21444746589566,0,0,5.714369814124963,7.058397312101059,1e-08
10251,20251,SAT_251,DEBRIS_251,34.658795574173276,169.16978225042553,0.009630447030251002,38.73633696310275,2.728880458309777,30.352156784346032,32.23311468124783,0,1,15.181930361763058,8.564602234743951,1e-08
10252,20252,SAT_252,SAT_B_252,76.60230043651713,112.98744955285521,0.00234616377924789,2.181739435900789,2.0076007888142353,11.732728816965338,10.987275356106299,0,0,7.712480045326053,14.590373801058607,1e-08
10253,20253,SAT_253,SAT_B_253,28.52298046406499,60.2830106382755,0.002503715844051009,43.41626236791747,2.4878603979502665,15.566389771814764,13.71450828042144,1,0,8.364649134525596,7.971639903333163,1e-08
10254,20254,SAT_254,SAT_B_254,15.254347201748324,25.068973079409705,0.013711305744579428,175.6572758838097,2.636936700846802,41.29098864878296,38.713004808826085,1,0,15.419227942061012,5.877439893018818,1e-08
10255,20255,SAT_255,DEBRIS_255,50.11211362125152,142.9245340686533,0.008606117897989254,144.27668013893813,1.7153170561449667,13.108177529930348,12.866298415237672,0,1,7.026973038027458,11.032808662316217,1e-08
10256,20256,SAT_256,DEBRIS_256,84.25392967447029,111.61309606713243,0.0040104945340067345,172.723795977786,1.552339055265124,21.17597265369925,19.895367005826078,0,1,7.2727728146307475,15.510350867561733,1e-08
10257,20257,SAT_257,SAT_B_257,62.64268170074757,96.02299655573788,0.009831890934828738,87.81372790674524,1.2912822309629706,40.061844125950856,31.225939767051763,0,0,12.875941159893344,13.94313060435494,1e-08
10258,20258,SAT_258,SAT_B_258,51.30550530804285,160.90066494917238,0.0012841787415026817,19.75251576195063,0.9508397633733578,31.86207469452536,34.72031371164052,0,0,12.298041419696464,11.581222263229286,1e-08
10259,20259,SAT_259,DEBRIS_259,8.745884439369169,141.94749802041554,0.011639428038287975,98.63270801526473,1.3037878825761353,2.8460350161033885,3.208868916966938,0,1,2.593120279081912,3.3999409828583804,4.3885580904653784e-05
10260,20260,SAT_260,SAT_B_260,55.350650402925275,27.301478351895213,0.005379868088701953,81.78792022079296,2.321638967190469,6.671271840339717,7.105919871758247,0,0,3.091861229226174,12.32371159025307,5.91983669143742e-07
10261,20261,SAT_261,SAT_B_261,89.10484650938369,56.10997220319868,0.015951182012743762,151.98427489313087,1.8057702930453947,0.40247950519766096,0.356689988627356,1,0,0.3828555383961786,15.091160104371756,0.007878123974670222
10262,20262,SAT_262,SAT_B_262,12.607561371287163,44.728045166603835,0.006207239178471475,17.654864541164027,2.6775698698645383,28.4099344708009,27.837498343213884,1,0,11.200235634932273,4.9667195488084275,1e-08
10263,20263,SAT_263,SAT_B_263,46.64966871273631,133.91033266308185,0.009104402981636023,87.88340466392007,1.3301400431375632,20.172920472198307,20.159765074848508,0,0,9.594003327884202,11.537749421021699,1e-08
10264,20264,SAT_264,SAT_B_264,78.96357647351599,6.035838252440289,0.00023241079816201273,27.008759644917166,1.821268736156262,6.085654548057286,6.450060128076148,0,0,2.935060213898157,14.9990826510674,5.29934616696557e-07
10265,20265,SAT_265,SAT_B_265,66.6691755978784,102.58014327683698,0.0014489377558911775,58.44166684021079,1.8939226592759661,43.10913874150183,45.99029702697292,0,0,15.887240004406845,13.656466949753826,1e-08
10266,20266,SAT_266,SAT_B_266,62.73141668957412,137.2425634333243,0.007849871128133696,132.72427392980393,1.7750914869189764,23.858204591355616,22.106597721668606,0,0,8.338568747775467,12.724358180883454,1e-08
10267,20267,SAT_267,SAT_B_267,63.22356755883983,157.8178146171149,0.00959877669434247,85.68326328637798,2.107901319256549,10.92310357037437,11.012668165875949,1,0,4.2576954825519975,13.416008497115179,1.0907836848033818e-06
10268,20268,SAT_268,SAT_B_268,32.35420360977797,61.574714768863345,0.012000410962386075,67.65989132623848,0.7123004051244188,22.552130523404106,23.583395260471903,0,0,8.64429161898022,9.188398288678272,1e-08
10269,20269,SAT_269,SAT_B_269,26.423265983804402,147.8263148409623,0.005833251574186064,71.00573014260635,1.537091332637372,30.598933956443098,35.05359506521155,0,0,13.154727551059889,6.577400373082801,1e-08
10270,20270,SAT_270,SAT_B_270,72.84250399306623,19.913712651937303,0.01389963772253085,82.70041831307759,0.312674408425043,3.4769528479117233,3.7219064499133236,0,0,2.653910078960503,13.85832034282968,2.5095699830757317e-06
10271,20271,SAT_271,DEBRIS_271,72.91020552112627,152.36141251221326,0.01720244794378409,141.30297789067023,1.1535339829344378,12.397936486402747,13.376203955828048,1,1,6.331416736043156,14.453800030458053,7.080355837324639e-08
10272,20272,SAT_272,SAT_B_272,78.03650867220934,22.947959219756836,0.015597019777866997,160.5752440092422,1.4630012058637933,36.32309881523551,36.62758310419813,0,0,13.459287615542468,14.207934989671005,1e-08
10273,20273,SAT_273,SAT_B_273,82.19164973008242,71.51171230086611,0.0007923765069671429,171.9602435707071,1.9566727786364173,20.711935924599626,23.63326986857168,0,0,10.449331276067207,14.475785377516278,1e-08
10274,20274,SAT_274,SAT_B_274,46.020815897484404,143.51316584031966,0.009610138945156579,141.6426095259531,2.8515931577586104,24.618642534351658,25.62742291411199,0,0,9.170680302398576,10.918572053146137,1e-08
10275,20275,SAT_275,SAT_B_275,45.136466521847964,26.98513692277928,0.0020986035683634974,56.77324123464229,1.8019531996450677,19.505079299315646,17.8255205021539,1,0,7.450470992338598,10.298478861204455,1e-08
10276,20276,SAT_276,SAT_B_276,71.84656610700976,41.26525114187547,0.004840900317250549,123.86424709557758,2.2307817485296795,2.02330242180308,2.3072466077270817,1,0,3.1961585393753977,13.826052112638301,4.70034432260217e-06
10277,20277,SAT_277,SAT_B_277,58.49675376999886,130.00546231075194,0.01973325186534293,78.76856232997055,1.5187981784856084,7.50045260291601,8.023911644625905,0,0,3.037816864792754,13.31773968052141,2.673743452837538e-07
10278,20278,SAT_278,DEBRIS_278,63.177018953193304,129.60657657829339,0.0028499108580302647,45.84071196828921,1.902312094128994,20.077096661448,19.187592897700686,1,1,7.033653113702924,12.861502755959755,6.226636092994076e-08
10279,20279,SAT_279,SAT_B_279,71.6213402492491,115.40657391935352,0.009977763069027121,151.35688429666607,0.2127966484013203,9.452886670086357,8.99962740209351,1,0,6.455025044764621,13.4971743943815,1e-08
10280,20280,SAT_280,DEBRIS_280,80.10048076358096,124.910720004078,0.012363114686362382,6.9167428132185,0.763174742525541,2.2965573382525593,2.3646676127064863,1,1,1.4573634353131801,14.47951611913839,0.0012953903407111702
10281,20281,SAT_281,SAT_B_281,30.419564116638224,97.69039980256731,0.01404929941088208,162.31715858437624,1.085559279615416,37.972052399129474,39.730860130767546,0,0,15.379383115085068,8.553307560184013,1e-08
10282,20282,SAT_282,SAT_B_282,33.802465737594964,45.323830603251494,0.011192973669738282,83.06594363245215,1.4174800650195407,44.154604185927006,45.025740375716076,0,0,15.676851825161435,8.778912093093005,1e-08
10283,20283,SAT_283,SAT_B_283,8.45837458567821,62.2252788307055,0.00019541694838367318,114.69626582549047,0.1369462365071512,35.701772186153434,36.81319932003659,0,0,14.48490706074513,2.997563213496707,1e-08
10284,20284,SAT_284,SAT_B_284,52.045212689655656,32.68758902425662,0.006529226164879838,118.68370599704089,0.42007229265995305,38.42763223062478,44.96016591042075,1,0,15.33609624961781,12.103428794454226,1e-08
10285,20285,SAT_285,SAT_B_285,3.2348046417067877,163.5211010400531,0.010354232867694229,161.12119332717654,0.8304429233739173,10.926872007751191,12.097733495276476,0,0,4.154609446726063,1.105852726115217,1e-08
10286,20286,SAT_286,DEBRIS_286,41.90382163192142,105.01052305790168,0.001757329982896667,114.60054279009732,2.9145980727031517,43.23018254931833,44.05430369039676,1,1,16.717080955188596,10.664127181507098,1e-08
10287,20287,SAT_287,SAT_B_287,48.838017123681894,72.15325501745518,0.007012538624183615,110.50804525681112,0.9940410213091523,8.901810415181608,9.73974724836127,0,0,3.7064635991579253,11.78107234860105,2.1304616302182122e-08
10288,20288,SAT_288,DEBRIS_288,25.788712691545598,83.16104465594388,0.0006640621758273313,11.997367300924193,1.4461231743362477,42.81676997576436,38.39583612858266,1,1,14.845296635553611,6.999087202496152,1e-08
10289,20289,SAT_289,DEBRIS_289,53.174993451210966,170.51100113012677,0.001571569943100415,93.31344395013673,0.5882931382151788,44.767127263769495,46.54853235243601,1,1,16.1607952490627,12.749446225555,1e-08
10290,20290,SAT_290,SAT_B_290,2.7450224945144486,27.603252560894436,0.00793846552403192,27.0304201470675,1.8323402132273048,32.04194011828489,37.839308689662985,0,0,12.622933457340352,1.297152642985834,1e-08
10291,20291,SAT_291,SAT_B_291,3.3613369874292975,105.5213697630235,0.002654315080861207,132.7380783698674,0.8420496465479229,44.15241074404239,43.189685550600736,1,0,15.801482892846764,2.5730864606335975,1e-08
10292,20292,SAT_292,SAT_B_292,74.03405045936924,91.05996219920388,0.011350816965231164,92.1999457462814,0.6209777353152803,25.650813091541313,23.476563144235612,0,0,8.694004236512821,14.544916461679158,1e-08
10293,20293,SAT_293,SAT_B_293,32.41715772701366,110.06176237823661,0.013789299382745314,122.44100025750359,1.5497178853379372,11.716403153765262,10.952389522680559,1,0,7.583691472466274,8.429622356200316,1e-08
10294,20294,SAT_294,SAT_B_294,11.435446138669631,3.2598330877512915,0.01601173398218166,7.501122108429168,0.016517397481262464,19.69296506066966,17.54715452733616,0,0,6.4824737654562625,3.9261029194649897,1e-08
10295,20295,SAT_295,SAT_B_295,47.001893404932396,156.98230360994728,0.0040030048848962016,15.26256288824458,0.022992097947675982,26.73056404527643,24.63285120072634,0,0,9.93822133170447,11.239359710327001,1e-08
10296,20296,SAT_296,SAT_B_296,69.29941977887498,167.78129084705023,0.0033496516451813952,128.9382098512828,0.6572064273055733,3.335016213114324,3.2114511615255332,1,0,1.349838400431858,14.719219675097355,0.0006404281919635419
10297,20297,SAT_297,SAT_B_297,19.423892474715885,101.72397304605761,0.002091356806688005,12.975180479761207,0.11016408750246343,28.024329744545213,24.085322382193237,0,0,9.582272469117363,5.250911557258831,1e-08
10298,20298,SAT_298,DEBRIS_298,56.060142823710024,125.3971482978406,0.012728604990872734,12.826210997746548,0.32407726239207413,44.15394376246514,44.22290486635256,1,1,19.3844155960342,12.267552892445048,1e-08
10299,20299,SAT_299,DEBRIS_299,7.68127184943912,166.04988861191322,0.014129514529738024,2.179525542279741,1.0165819480162548,8.595338857778557,9.370876663012057,0,1,3.4380352862878034,3.562690602002726,8.03774892120685e-06
10300,20300,SAT_300,DEBRIS_300,4.651354905174693,127.30295417641175,0.0006317228965128408,172.1702516939064,2.4077570387394385,35.677150477162826,32.438535093595206,0,1,16.913992244390453,2.021306507645298,1e-08
10301,20301,SAT_301,SAT_B_301,47.82191684113332,27.45702772456704,0.018724244924873797,132.75150470262125,1.7161459301079025,40.86005078039389,47.06785260737777,0,0,15.898197458858858,11.876915091562962,1e-08
10302,20302,SAT_302,SAT_B_302,48.657160944909585,103.73190483002637,0.0010394256730294482,63.585253530371546,1.5380031778692493,42.46938659726892,44.6386892651194,0,0,17.33781887734953,12.410350226670678,1e-08
10303,20303,SAT_303,SAT_B_303,57.36869113483859,109.20870834891406,0.01082592670602141,53.37640463177794,0.8804664696243649,43.208095418024854,47.661037845985675,0,0,17.210148333365936,12.620881007481033,1e-08
10304,20304,SAT_304,SAT_B_304,65.34822003503955,76.34352083442948,0.01418121038901833,62.94658135425292,2.795261158298449,23.489610760530166,21.944382999048795,0,0,11.159769097880218,14.082942704799903,1e-08
10305,20305,SAT_305,SAT_B_305,87.82668715162812,132.55996241245012,0.017419382474921714,139.43763561261272,1.1910451237115751,43.97999046421809,47.73819159800045,0,0,17.36576869656199,14.413227357007244,1e-08
10306,20306,SAT_306,DEBRIS_306,46.46703134710758,168.18606265842268,0.014281738642648556,119.0467099926746,0.2612783003873145,34.091093810693025,30.36857170734777,0,1,12.344534022959046,11.582065309204937,1e-08
10307,20307,SAT_307,DEBRIS_307,29.066082564712136,166.60233232321974,0.016034561661395837,33.335202216144225,1.8511995483534038,7.317131058851437,7.968536822695007,1,1,3.027500185413159,8.004001048412762,0.00018362063590370034
10308,20308,SAT_308,SAT_B_308,71.56675752918333,81.15108685274377,0.006789003850856122,31.339680360135183,0.3415151804298042,21.486659785735252,21.855885128930147,1,0,7.8768713869921605,14.528478612980997,1e-08
10309,20309,SAT_309,SAT_B_309,24.37490261358668,20.382848251335947,0.016296502274930246,17.71121694841152,1.0356694284050763,32.33898633297158,34.128144697150354,0,0,15.41064498258296,6.572549610009929,1e-08
10310,20310,SAT_310,SAT_B_310,39.507427863507246,177.27141581322022,0.001602296927693503,118.85448954624087,1.5222358161534266,11.167947196067797,9.855049348107746,1,0,4.252086236911687,9.148718126537062,6.666417567561259e-07
10311,20311,SAT_311,SAT_B_311,7.061074320803936,151.00165556026815,0.017896333121210552,137.58707919991247,2.6226675740555274,28.84565250052249,26.26376513712165,0,0,10.287620053001826,3.1480224486249817,1e-08
10312,20312,SAT_312,SAT_B_312,2.281566907391176,22.43928261658803,0.010951847523074725,47.70835709850073,1.480639741020356,30.013691533145536,31.806193884900257,1,0,13.01286531029169,0.717680998206401,1e-08
10313,20313,SAT_313,SAT_B_313,86.63835732101326,165.75153887112702,0.016345955399249875,3.770092985564306,2.1067762980949927,7.363353484195037,6.665051326081669,1,0,3.0681149306285387,14.81757919823824,1.0745839058382496e-05
10314,20314,SAT_314,SAT_B_314,75.23821084609853,156.5813451711831,0.009046365690366003,14.790900145756922,2.978450516997211,25.450584794751396,26.629471896204507,1,0,13.710266228531275,15.015101670127697,1e-08
10315,20315,SAT_315,DEBRIS_315,62.63767854843282,93.39085028269298,0.012871553903930499,174.21480627210548,0.39446735969394486,34.734629648488415,29.98592710990407,0,1,13.226082552812832,13.551974884671363,1e-08
10316,20316,SAT_316,SAT_B_316,36.80576499728429,106.42957843408726,0.010528053218722265,53.180059945935646,0.8241945765585585,22.475360120890592,24.381662208384213,1,0,9.622463063897897,10.441808780345207,1e-08
10317,20317,SAT_317,DEBRIS_317,15.59648880637612,71.82048669662345,0.014631790435106637,138.46016661086406,1.1837282267929392,0.5940350990860288,0.5208188881445937,0,1,3.394895797343448,5.422833556791337,6.8593543743519394e-06
10318,20318,SAT_318,SAT_B_318,14.079333840397744,9.85709498796564,0.0016325996406117915,112.43944239376748,1.265484535616494,0.45627918511418336,0.48147948166448606,1,0,0.25105559473617733,4.230110156760413,0.03820485267615158
10319,20319,SAT_319,SAT_B_319,22.52186083481358,60.33550349626216,0.001207041679811276,68.74913513752126,1.2330632257966374,16.09846901145205,17.105639031242642,0,0,6.291613580360716,6.499552175801611,1e-08
10320,20320,SAT_320,SAT_B_320,49.43039982355084,144.51362074764205,0.004942064680202929,37.02370719519992,2.7228330076696645,41.6824233760086,38.77810958278331,0,0,14.956320096193993,11.65902215948879,1e-08
10321,20321,SAT_321,SAT_B_321,64.31363304300561,0.8337641408285146,0.003190893602263767,21.84955526869316,2.1420979334005694,10.329021243182215,10.93019772073367,1,0,4.131565432819145,12.845198120281042,8.593236859171065e-07
10322,20322,SAT_322,SAT_B_322,59.417763904595816,60.029850904405954,0.017435671331844035,110.70233424699599,1.8237156422721112,28.56464781478234,29.30859196760312,1,0,12.199726877191056,12.610217893981485,1e-08
10323,20323,SAT_323,DEBRIS_323,25.194050725134854,71.6703648463698,0.004384279747160887,139.43408051480185,0.9281181535883463,10.032310387664761,9.491727512545665,0,1,7.187008629595287,6.794077198002059,1e-08
10324,20324,SAT_324,DEBRIS_324,85.93787525968747,96.73120852882612,0.019517305116382628,115.90276563740352,2.471371152663884,14.509066035196712,13.045747384059846,1,1,5.622382282934867,13.947221778229952,1.6392645862964216e-07
10325,20325,SAT_325,SAT_B_325,66.41072250261917,165.57401095429688,0.006737915835422137,95.45438398484849,2.8651815344549667,38.169491927586705,30.678249378069626,0,0,12.499201496589302,13.870586111257612,1e-08
10326,20326,SAT_326,SAT_B_326,49.891864726026064,62.34227898587302,0.0036423583137739856,7.551220217694528,2.4635948476506795,32.81232183003411,33.95960481802253,0,0,16.611392674860944,11.630117192024827,1e-08
10327,20327,SAT_327,DEBRIS_327,55.0548671610917,62.45157634132099,0.015793970142849584,174.3279799669891,0.0046953155744187125,4.338197515228818,3.6593551657742145,0,1,2.275382631109329,11.675425919837433,0.00013109563594439035
10328,20328,SAT_328,SAT_B_328,37.764005618501095,132.7502246597547,0.013174155510017523,143.76855449782343,1.909204110550221,19.320155843340192,19.50436232253665,0,0,7.81611645658776,9.853371901028037,1e-08
10329,20329,SAT_329,SAT_B_329,22.295789055104173,81.3992293601653,0.00996391432906278,52.707966606173656,0.15340614432630217,1.361180875854638,1.3253208085037202,0,0,1.1292279052145087,6.793492985202473,0.002490758192755144
10330,20330,SAT_330,SAT_B_330,32.03754107861354,40.42886812919675,0.011107271018752625,176.3946592845931,0.7728216610011656,21.666012089805257,23.13744364814004,0,0,11.491802320842012,8.634069543456473,1e-08
10331,20331,SAT_331,DEBRIS_331,68.20614994179321,81.4391129038848,0.014384035565445277,108.33868613453798,0.17857410104331506,29.826408825963014,28.925515570780323,0,1,11.531380298795106,13.851620337001448,1e-08
10332,20332,SAT_332,DEBRIS_332,1.2954139766780282,25.354263668363973,0.004569094826625974,104.83607847730437,1.8113863588481633,5.376692930736913,5.1995589723469795,0,1,4.010743385205767,1.8077019938339824,1.8242347727036573e-06
10333,20333,SAT_333,SAT_B_333,10.446537645622461,31.749657571120196,0.01992667832113484,134.6531722973158,2.0597697404778206,13.035378003966999,13.989399132009748,0,0,7.268615152597734,4.042298261867366,1e-08
10334,20334,SAT_334,DEBRIS_334,4.140237781957747,89.70619909310635,0.019495863242935663,146.11856185622477,0.34346291419771535,17.932756316321957,18.533607715061216,1,1,7.034116422046784,2.3500329584703272,5.3699251121391826e-08
10335,20335,SAT_335,DEBRIS_335,3.665592208707312,75.40658091081862,0.013006513726938737,118.16614931967048,1.1515166491349385,41.38291955828944,42.691265212686325,1,1,15.608622920105375,1.669969538893279,1e-08
10336,20336,SAT_336,SAT_B_336,76.99145256099065,164.67226219225802,0.003990849018582903,23.057234345916005,1.368709526866626,44.69681294326223,46.79428951146295,0,0,18.903854889536525,14.784144021074267,1e-08
10337,20337,SAT_337,SAT_B_337,63.32920734420213,65.23090184099397,0.013604564848625827,60.88815107900971,1.1071590652827497,2.0687628898529327,1.751089427534579,0,0,1.3476121737318447,14.129424728124132,8.682678746925113e-05
10338,20338,SAT_338,SAT_B_338,42.67564461785927,104.50590305004782,0.0014439681795835168,167.05505525868895,0.36307500145557914,34.257306161117874,36.8498603120761,0,0,14.887914396987004,10.255976967716038,1e-08
10339,20339,SAT_339,DEBRIS_339,8.805074458590132,113.80757182551547,0.0006130500441161213,40.430810131893345,1.2568433705624262,16.75899678478533,17.785433039750863,0,1,10.326067702195555,4.361382025543428,1e-08
10340,20340,SAT_340,SAT_B_340,44.24542876051491,2.3570021859000545,0.005153657770224274,66.9900642907524,2.2535341434252545,17.69099547101513,15.892381808704696,1,0,7.306228081442049,10.565904194089542,1e-08
10341,20341,SAT_341,DEBRIS_341,42.61245937025091,119.43672696300791,0.009252459134786326,77.77383892995528,0.2130229935997664,33.95421055194867,33.12545457247335,0,1,13.758250668652863,10.559300626367788,1e-08
10342,20342,SAT_342,SAT_B_342,15.588168291901367,32.04647403655526,0.01736545010816761,79.0928981450014,0.24054004224571035,41.33326812493612,41.17079825905843,0,0,16.897032192182206,4.572105892942222,1e-08
10343,20343,SAT_343,DEBRIS_343,39.04664843141757,172.99265714450192,0.01454338139532616,110.32912484901459,1.0643138755079526,42.79424032288955,42.21867155145519,0,1,17.669749349901917,10.00498558055464,1e-08
10344,20344,SAT_344,SAT_B_344,35.86542609576361,26.75929099556033,0.01485413042399962,169.75365079404736,2.825177134856775,25.991660242422522,26.859417724382112,0,0,10.034555061116611,8.41408073367764,1e-08
10345,20345,SAT_345,SAT_B_345,55.42650882469948,74.63234227086427,0.008509866688961507,43.32468812985089,2.005717940168742,16.102596110557602,18.407468227947216,1,0,6.185819267062109,12.289885336102678,2.0409273793919656e-08
10346,20346,SAT_346,DEBRIS_346,57.15842857808794,15.362940254155895,0.006918699850939259,21.87024773416525,2.0360098700176943,35.450331409352124,39.285230309713334,1,1,13.95553223656577,12.248331511856165,1e-08
10347,20347,SAT_347,DEBRIS_347,4.077360879484006,179.43736533227053,0.007420775259692054,35.54468817478872,1.085759972513595,11.332512177640398,9.84543817871091,0,1,5.359130085865035,2.248895028381222,7.136002627969773e-08
10348,20348,SAT_348,DEBRIS_348,33.71513531638241,90.39510185962367,0.019752991274721157,159.6464820376685,1.7809823736256152,25.405127596066624,26.985504343807534,0,1,10.115581411407165,9.357109344239579,1e-08
10349,20349,SAT_349,SAT_B_349,56.32739241428128,107.16930311760788,0.0008021838282496497,116.24594627793708,0.030393552083230135,16.16810184554305,18.31673477116146,1,0,8.171795543020746,13.007629314928435,1e-08
10350,20350,SAT_350,DEBRIS_350,45.28226327220789,12.073765929916947,0.01734062992244897,51.463222063048825,1.9082881392286266,29.565566763169034,30.709188077468966,1,1,11.249047473848112,9.820197695814882,1e-08
10351,20351,SAT_351,SAT_B_351,77.08408570694901,134.992884671852,0.011573508171447868,146.8704490143511,2.73986084272871,10.855931134563136,12.040291971060663,0,0,5.557183845942156,15.67188305990355,1e-08
10352,20352,SAT_352,SAT_B_352,59.282426845705054,37.783006757205435,0.008772308383791809,155.04659934541849,1.8377204050344575,8.662102910780419,10.40515227927862,0,0,3.6998120576627302,13.211439841538843,2.3762199470317134e-08
10353,20353,SAT_353,SAT_B_353,14.664098437328672,161.6497720993285,0.01450515320830273,152.37258096425003,2.621095780399035,41.324846946060894,45.55531097707014,0,0,17.395452162186633,4.305245330123696,1e-08
10354,20354,SAT_354,SAT_B_354,6.351187266038686,36.92513528676129,0.009733378828494057,165.4067760551198,2.1719191663982813,4.626075548581683,4.741407588416627,0,0,2.8356757992503283,2.805151124158884,1.824119918098987e-06
10355,20355,SAT_355,SAT_B_355,57.81773503856841,34.32378971945998,0.01746846476163321,45.40338363120509,0.36167524921107075,22.79280795268518,25.17485804102304,0,0,8.80624828092257,12.967836268244659,1e-08
10356,20356,SAT_356,DEBRIS_356,2.3860179487459634,6.578940212657079,0.01801403728022517,135.9075471743301,2.7073599218575253,9.977332594187253,10.12189200415313,0,1,4.048756887953796,1.4410949467555865,8.425776915212188e-07
10357,20357,SAT_357,SAT_B_357,52.7198023146117,84.97205011979986,0.008434418537469108,82.8971095093452,0.19933153306732465,1.799901851488752,1.8042041646752327,0,0,2.7119430463094565,12.27938197250401,2.0114109455572152e-06
10358,20358,SAT_358,DEBRIS_358,84.62072172824618,101.67140398727096,0.005536555944701031,151.55973952021108,1.6019024176432914,1.6690458821996164,1.6103932338931832,0,1,1.5708476252780013,14.635487758220407,0.0010331549592530141
10359,20359,SAT_359,SAT_B_359,51.792676008829105,11.827555097103426,0.011847006571867245,131.1283218890904,0.426411371380373,7.92621865615694,9.165414269362945,1,0,3.3970951952631925,11.841553154186682,5.422235039778041e-06
10360,20360,SAT_360,SAT_B_360,34.935293358586975,139.5949710051019,0.01824726691233382,139.76054036995043,0.0351198321927122,39.01132743504471,35.81852856811569,0,0,18.154654169667957,8.759443768102082,1e-08
10361,20361,SAT_361,SAT_B_361,57.89593965981179,81.59199025464497,0.004213243780113332,118.10913078259287,1.266102780382917,12.74741954176735,14.700792969640888,0,0,6.745828816662893,12.173427156946735,1e-08
10362,20362,SAT_362,DEBRIS_362,41.2427601442365,94.39024847896441,0.012459331671269655,31.937178504547237,0.8851221229624687,42.77313971735954,44.91121551780378,0,1,20.132757656420466,10.370579383705216,1e-08
10363,20363,SAT_363,DEBRIS_363,49.105511038434145,79.33729444888107,0.01263120440185041,98.1048454014489,1.458001481392809,26.193922069864254,22.52859038040006,0,1,9.280385743024235,11.92429662362239,1e-08
10364,20364,SAT_364,DEBRIS_364,84.73183278988726,72.13735095755868,0.01466226044830562,177.24055311441148,1.7315996602036523,19.675807830106038,20.399187513883394,1,1,8.008030916969087,15.19914872676253,1e-08
10365,20365,SAT_365,DEBRIS_365,34.74923740206968,100.73525963547922,0.002631353702545196,168.72985196948142,0.13121721692684207,26.124993118391988,20.63867531230804,0,1,11.47999928778877,9.475767032743905,1e-08
10366,20366,SAT_366,SAT_B_366,86.50715074415228,27.94324426752825,0.014316499293641772,7.7712724434621006,0.3690098853712369,23.275592415920737,24.731499381185746,0,0,9.564455270440666,15.13653535958607,1e-08
10367,20367,SAT_367,SAT_B_367,81.48155777604573,32.7470634891488,0.01818065041331282,29.666666831298684,1.6759271893512762,34.15699260639177,37.18067712833179,1,0,14.412486878265073,14.5813989021867,1e-08
10368,20368,SAT_368,DEBRIS_368,17.62120213103668,155.1214117824331,0.0035936621774048396,23.711179221821144,1.0295020595179747,12.74819816547971,11.993051054764262,0,1,4.756715106824337,5.797403748490293,1.2791001523861356e-07
10369,20369,SAT_369,SAT_B_369,6.242517078764891,170.3007831840539,0.004750866498477553,130.6763837973532,2.1875204626483438,15.919615102433594,16.11629827907413,1,0,6.509056073343236,2.0218125002411313,1e-08
10370,20370,SAT_370,SAT_B_370,9.070020123968398,67.19567693035553,0.019427901880832793,147.2013593742501,1.956874945775819,40.23953889886962,48.10297830586061,0,0,15.86416856314335,2.925115404849952,1e-08
10371,20371,SAT_371,SAT_B_371,1.6399643086394755,48.73404116583968,0.0036195390541897956,38.43204593592095,2.5368130889697205,42.59322026611073,40.4390821887619,0,0,14.832769489147958,1.1128403522890358,1e-08
10372,20372,SAT_372,SAT_B_372,8.499866468033556,115.91991778302284,0.017087701867391582,91.05348473132922,2.077478480007676,40.17049232551703,35.916808415588136,0,0,13.220351322791036,3.7797660945233464,1e-08
10373,20373,SAT_373,SAT_B_373,61.47060960747211,73.57215079765736,0.009845557128960696,151.326545042016,1.2897932321704444,18.904187328381248,21.705151580157217,0,0,7.246743489620269,13.795691087865068,1e-08
10374,20374,SAT_374,SAT_B_374,6.406978361420609,4.569544018862075,0.004944621488063541,131.9042780579251,2.018899867183297,35.12742936015933,42.02149365001174,1,0,19.3604300934081,2.9835941731104496,1e-08
10375,20375,SAT_375,SAT_B_375,28.707806726438516,28.107467525914267,0.01741499802545023,97.60269698853268,0.8261435227662556,21.461291211884394,21.469222600859414,1,0,7.939346129726185,8.364698427159617,1e-08
10376,20376,SAT_376,SAT_B_376,76.03877798725091,128.87500119253156,0.00890610510005331,106.26258428257913,0.918940496334638,22.414416353967294,24.68155171419634,0,0,9.941364936803856,14.152696088144944,1e-08
10377,20377,SAT_377,SAT_B_377,2.094474216224328,118.60630954382725,0.010296347078593804,91.50489844493039,2.36695547976238,9.250370902124915,10.49128587961774,0,0,6.23626834076174,1.878650716517302,1e-08
10378,20378,SAT_378,SAT_B_378,73.30216343300422,4.877278650627028,0.007184667387995314,53.5587212373877,1.3392585492047466,26.621307131470317,24.644717052002484,1,0,10.132104172398039,14.35551294151929,1e-08
10379,20379,SAT_379,DEBRIS_379,25.366929729605992,39.9549891479309,0.011859017028698548,101.7039587146229,2.3951410215550575,8.41680860401299,8.008335970942792,1,1,3.1235262864533575,7.53554970221826,0.00019039374579849416
10380,20380,SAT_380,SAT_B_380,10.634834485949064,41.59346338585285,0.0032704774517004556,123.99935436901632,2.467267121004835,14.953833223070362,16.794462441894744,0,0,7.565539546008994,3.6891629541284017,1e-08
10381,20381,SAT_381,SAT_B_381,62.70634488277356,120.94069384777112,0.007821630733035214,157.19812485494538,2.5726870129838515,38.48360756281608,44.96815038677207,0,0,16.151550393868693,13.271147199266048,1e-08
10382,20382,SAT_382,DEBRIS_382,56.60485621018956,3.547896795785548,0.01938824644670575,114.53244371626465,2.749905707523622,9.358057624027943,9.884804776525346,0,1,5.361633437603962,12.991998597772756,7.265699375299122e-08
10383,20383,SAT_383,SAT_B_383,78.97248121743476,18.739544757223292,0.005162668654022551,137.00187666776844,1.2929556615398887,3.2485649185458048,2.9627515141838217,1,0,3.292697445619033,15.183273461506873,5.504639727513809e-06
10384,20384,SAT_384,SAT_B_384,66.15639394234972,143.9848953671741,0.013134733290825845,28.812894291823138,0.9566004549634165,3.1518912879460927,3.7781913486042877,0,0,6.79656752613049,13.488028824721212,1e-08
10385,20385,SAT_385,DEBRIS_385,72.31328373463637,32.13803916978005,0.006503801284493897,83.08034539556218,1.7465962397823416,42.3382641966147,40.09022558138704,0,1,15.657221686136964,14.317162993811003,1e-08
10386,20386,SAT_386,SAT_B_386,25.383111531417583,117.49429941333744,0.015469462513732013,1.6796915688767933,1.1135172703128826,22.836073686384466,22.0707505797922,1,0,8.476568781269377,6.586409788620515,1e-08
10387,20387,SAT_387,DEBRIS_387,15.969558940175054,42.87290058841077,0.0026174732143669967,44.40219561389215,1.803222500400699,18.453072628174976,19.084791120495886,0,1,8.163086226766287,3.747716595407747,1e-08
10388,20388,SAT_388,DEBRIS_388,67.55532764767725,17.89945069668213,0.019396420901570895,130.76310872034088,2.116757587931474,36.498992216305936,42.17152112616186,0,1,14.025496217867584,14.054861045160305,1e-08
10389,20389,SAT_389,DEBRIS_389,72.61512653405376,43.77099437990174,0.009075790827672785,178.52579124288542,2.0652150554764104,37.620375459577694,40.83306514671311,0,1,17.235006162335075,14.674058250416328,1e-08
10390,20390,SAT_390,SAT_B_390,89.1454627800606,130.00804773401865,0.004721009266929279,17.852057925698862,1.123658661060364,14.981986938546429,15.603537889313994,0,0,5.56870095250045,15.129498583509353,1e-08
10391,20391,SAT_391,SAT_B_391,37.135590922028385,154.02536425913144,0.0014699349466002533,72.26897685503188,0.5005806050962585,31.2281316834471,32.67489520604299,0,0,11.825093434139315,8.556324868002774,1e-08
10392,20392,SAT_392,SAT_B_392,33.481627721350485,149.4395756220585,0.003395158101750815,144.0127743658487,1.2915880153866226,34.7119705725423,34.863018562284886,0,0,14.726554313835798,8.637615293289288,1e-08
10393,20393,SAT_393,SAT_B_393,69.87716646677971,71.49303533132186,0.010395478971120354,36.726414233201794,0.4277824322457262,29.47654837462466,31.121751014574084,0,0,12.020223684018703,13.048435785632385,1e-08
10394,20394,SAT_394,SAT_B_394,30.672318622771606,120.25532458271631,0.006740063528625726,99.91529087441153,2.670291105551425,6.864198612264467,5.1278583347695825,0,0,2.8156124918310987,8.92460918312776,3.1198941711338597e-06
10395,20395,SAT_395,SAT_B_395,83.76815930432082,36.89717317484777,0.01657766731765219,131.95283328534146,1.0376323822135722,39.420944604091716,38.251689982776625,1,0,14.5355523128569,14.375425645774026,1e-08
10396,20396,SAT_396,SAT_B_396,77.25714766587106,52.76659144698239,0.008617750473236119,110.87738104683223,0.46337924166997135,24.282300145483593,24.868285311017406,1,0,11.51785954188569,15.287805665604976,1e-08
10397,20397,SAT_397,SAT_B_397,38.609462463751655,161.34044733380156,0.004974285451752598,33.844452230774905,0.07634327971725263,12.747135565331668,11.279922309181282,0,0,4.801337930929565,10.284254291253609,1e-08
10398,20398,SAT_398,SAT_B_398,67.57839610123476,2.3403462319324864,0.012342899732080602,63.9692223634331,1.9374671588594528,19.164006935424343,19.904357209610033,0,0,9.921767063126392,13.506456312777408,1e-08
10399,20399,SAT_399,SAT_B_399,67.90885866762142,15.391535553804253,0.014135544337708916,141.08252120737149,1.9107069523642297,1.738820513430887,1.7032666380851942,0,0,0.7498704578706643,13.420505211573857,0.0014120076025945496
10400,20400,SAT_400,DEBRIS_400,9.281148195233936,37.41952592628492,0.0033408381580189972,99.760772543763,1.021812499743875,5.797612714947669,6.815369537881221,0,1,4.492235884937465,3.6008368415184355,3.7473035264383004e-07
10401,20401,SAT_401,SAT_B_401,81.229761601161,4.775796697287548,0.0033523843257663535,0.9413304377242926,0.21513566654295302,34.461326435687944,39.882161059728475,0,0,15.976985796736907,14.4164844452268,1e-08
10402,20402,SAT_402,SAT_B_402,45.472713520307146,32.658378316163514,0.0007334285386708595,136.9783368050569,1.228886684685696,0.05052298225370805,0.048169593603484516,1,0,0.32821743945408105,11.089490959721534,0.005790725405860935
10403,20403,SAT_403,DEBRIS_403,74.38117194969675,104.94748097454459,0.014728040301312811,6.356043889243033,0.9336524851901807,18.774633990279035,18.491441707619437,0,1,7.368574021907518,14.249009400877194,1e-08
10404,20404,SAT_404,SAT_B_404,28.804464092755058,75.85641910664962,0.013276090552436101,134.2320808916218,2.031361919205028,23.536832639797204,23.36278349221269,0,0,8.484464993194178,6.958563681018841,1e-08
10405,20405,SAT_405,SAT_B_405,80.59709056465805,160.68090799385547,0.009492617514996278,36.44650082974273,1.817337748358071,2.5058171790437047,2.3926395715998385,0,0,2.7037492206123352,13.699347351850756,3.285678694635093e-07
10406,20406,SAT_406,SAT_B_406,35.02815108607468,147.13984111291936,0.016883408979383945,172.45322642148844,1.09378118459262,43.78986342560636,44.64387516712364,1,0,16.656953609526774,9.234250121386431,1e-08
10407,20407,SAT_407,DEBRIS_407,0.9753886332268524,61.52712330561768,0.016113403059001063,66.22933523437521,0.6536776627649703,10.214333639672756,9.43979903521284,0,1,4.943226152119166,1.1541374349682039,3.66385015389244e-07
10408,20408,SAT_408,SAT_B_408,81.48437787773373,46.696218017632646,0.011707087287935044,58.847690940854235,2.9641078984667755,13.723732447650827,12.172106211861454,0,0,4.831123919912974,14.571317340125754,1e-08
10409,20409,SAT_409,SAT_B_409,8.21580091075202,68.34463347010804,0.017365425610265172,26.799849059840042,1.3620048635883446,13.71221592586348,14.566091002021402,0,0,5.336952685834344,3.5199779560900755,1e-08
10410,20410,SAT_410,SAT_B_410,28.73822738313734,106.2530896526654,0.004116824200735365,55.00875878823868,2.0648227073407113,10.40722896217488,11.062394814320793,1,0,3.84713769651038,8.421880051663132,2.496495428507768e-06
10411,20411,SAT_411,DEBRIS_411,85.50557703457244,48.25145534811773,0.0022383923879545574,157.7971371290761,0.42165890273508233,0.11624830277969815,0.10689826858375438,1,1,0.6318783072881858,14.821292170556951,0.0230937502459963
10412,20412,SAT_412,SAT_B_412,85.55464322438004,112.34680341284412,0.005394992230339793,179.34018077290452,1.4567690989781934,32.834048494255434,35.773862857580845,0,0,13.320480453509703,14.788186204737771,1e-08
10413,20413,SAT_413,SAT_B_413,51.60940993109575,73.69409739442328,0.001141737121786297,66.2957154912327,0.08261015960839646,43.509705215977874,40.76172913428184,0,0,17.61600657064401,12.26644887165857,1e-08
10414,20414,SAT_414,DEBRIS_414,56.865349095281935,99.36849255335645,0.010623390560020641,80.74991357181766,1.51636535373135,10.131992073662778,10.388498892175557,0,1,5.256590995335011,12.077490700810678,1.1725957857394155e-07
10415,20415,SAT_415,SAT_B_415,40.36009697804878,78.502775244357,0.01873211384589923,129.97276887649267,2.892052221353107,29.85397127156384,32.30302393009701,0,0,11.80614735372903,10.248309955689459,1e-08
10416,20416,SAT_416,DEBRIS_416,26.38896945282581,53.003836717545184,0.000786870813370193,159.51524048371343,1.1526201389574007,33.398239896794244,33.28597984684213,1,1,16.267181814684086,7.609528647290195,1e-08
10417,20417,SAT_417,SAT_B_417,29.579809083292435,170.7215952531882,0.002442198280200536,106.74798015362114,0.11698803772473476,38.18672079011909,39.92322721449685,1,0,15.628063947166194,8.352284006023766,1e-08
10418,20418,SAT_418,DEBRIS_418,60.526661046933455,137.44904294875695,0.009043980565668706,70.47462567200928,0.09286737275803059,19.04718240576173,18.063529443074817,1,1,10.472217550147636,12.245693029531697,1e-08
10419,20419,SAT_419,SAT_B_419,67.7137076493912,25.22037163796146,0.0186775003505581,74.27193135275228,1.1639602798406083,13.666744208537295,13.39823835441359,1,0,5.864514906467295,13.588468911398076,3.60193589351808e-08
10420,20420,SAT_420,DEBRIS_420,71.24211393532637,156.3242356616243,0.00632312209953501,125.21126636942523,0.48007480938958214,14.67201627433525,14.369978982325076,0,1,5.534236454937254,13.827893494225867,2.3707354775492103e-08
10421,20421,SAT_421,DEBRIS_421,71.06563285150985,87.73761568491246,0.010144696173767849,0.5792874487701627,0.07005628898455774,32.08232892277815,29.687131714745373,0,1,10.841185465163594,14.303237849374725,1e-08
10422,20422,SAT_422,SAT_B_422,8.208549274382133,161.01940084093644,0.0008314571810078419,111.52608074277133,2.2686408418505306,36.76423701942834,36.11434029625837,1,0,14.689908958419277,3.4106896401526505,1e-08
10423,20423,SAT_423,SAT_B_423,44.49782742323233,143.97394607051675,0.0029668640192417775,63.98874187944433,1.375569026645672,8.21354785065929,6.941582800646893,0,0,2.8243214602546,11.620529816604604,1.2925175758847448e-06
10424,20424,SAT_424,SAT_B_424,5.180288401497986,76.53843080446202,0.019732602459176938,142.95551962987517,0.8677343159179636,16.723798316691546,15.902402695722358,1,0,6.240021225004569,2.1985186863718704,1e-08
10425,20425,SAT_425,SAT_B_425,49.4575994091362,4.044475497621132,0.01930237392872091,16.738315168163787,2.7002495490494423,40.592211843874296,39.43583920627531,0,0,15.126440172432497,11.438180771768195,1e-08
10426,20426,SAT_426,SAT_B_426,39.73774512360393,48.36192468929029,9.879961868819231e-05,105.8764080507103,0.34841688060157683,36.31087371027853,35.38066264627951,0,0,13.779367039223965,10.596824680175581,1e-08
10427,20427,SAT_427,SAT_B_427,79.89337644824698,97.49415863895605,0.01903623570846478,86.57512017950228,2.8677564868659577,44.31938520417329,43.24908337123618,1,0,16.684349137244105,14.934152496356624,1e-08
10428,20428,SAT_428,SAT_B_428,31.582351129687083,114.0260795687065,0.012782398756310008,115.61859466294094,0.9419001521320585,33.95345927270953,33.74374844826329,0,0,12.124510693052743,9.061210371678643,1e-08
10429,20429,SAT_429,SAT_B_429,10.536031478484528,46.41978337797641,0.01735836589040044,11.673647006934303,2.665211016926044,17.724124286205107,18.57389239165753,1,0,7.099815646263416,3.8677468127089014,1e-08
10430,20430,SAT_430,SAT_B_430,12.869251384755227,25.084093333108342,0.009094797112677182,104.39708173706363,1.8088286294383846,26.59917063805897,28.925313526133667,1,0,11.225279609196134,3.6950737949975325,1e-08
10431,20431,SAT_431,DEBRIS_431,68.5359568545725,150.28744262387383,0.010311920571585005,101.06722583271427,2.4801220792244623,29.76259072841705,27.828721076792846,1,1,15.290940134413821,13.376369780816743,1e-08
10432,20432,SAT_432,SAT_B_432,55.6396256984635,177.1923925266394,0.009776931605138404,100.91881699491077,2.952039489631393,3.5765889434547216,3.146253455840714,1,0,3.1266360626511456,11.816199509885665,1.4107974129698684e-05
10433,20433,SAT_433,SAT_B_433,9.101040851051122,94.62423281448345,0.013337285150922086,108.62777998736186,0.8652163134562372,24.525138311718738,21.969509977997163,0,0,11.92089830360258,3.7138547844743743,1e-08
10434,20434,SAT_434,SAT_B_434,7.569612550349769,30.90227145269463,0.002793025095126258,121.7642287007452,2.883406456222779,31.933971239843803,30.378138832503137,1,0,13.030287458189726,3.6121816515906864,1e-08
10435,20435,SAT_435,SAT_B_435,63.0872218313208,49.01531877348641,0.0005994717974535591,144.89801994253855,1.168445684707261,7.5710926148476645,7.304649725814861,0,0,3.950285799466225,14.430094218782965,1e-08
10436,20436,SAT_436,SAT_B_436,6.548670572777418,3.310321778544012,0.0061585988318238185,48.567729623078584,1.1565357142107668,35.13939569827879,32.43367605265574,0,0,12.08747777988958,3.195403668805546,1e-08
10437,20437,SAT_437,SAT_B_437,73.96740533613206,164.57378518088981,0.014093615254732935,148.50889383241116,1.021161312763517,26.29058648410932,22.883019758613607,0,0,10.178195793290646,15.04466462711806,1e-08
10438,20438,SAT_438,SAT_B_438,63.56180044408466,21.195194920225404,0.004037069042458968,89.68602280742165,1.6242228220427557,42.85236926710688,40.897783454172654,0,0,16.0821881883461,13.266720480677272,1e-08
10439,20439,SAT_439,DEBRIS_439,7.321390257770979,103.77296559256564,0.013468648666498346,13.87049024417961,0.4624351295354613,1.9568823043997818,1.992385358644591,0,1,2.085733601334672,2.3803937683826226,0.00016014158346392356
10440,20440,SAT_440,SAT_B_440,7.635394267667273,49.32993972369708,0.01939824092214541,10.539167263916255,1.6611344560740335,11.976409883118242,12.689041560656204,0,0,5.353656956639071,3.4586275181151005,1e-08
10441,20441,SAT_441,DEBRIS_441,88.7975620651058,99.75204045284282,0.0018780143157883678,60.162897365290945,1.6251144372300121,27.089846874527094,25.579796359223515,0,1,10.31768886107681,15.205801498405963,1e-08
10442,20442,SAT_442,DEBRIS_442,33.68437161805083,117.25566990333556,0.013452042364502526,141.28145588006416,2.28570543781461,13.380368053656586,12.827761767092811,1,1,5.193302988100323,8.907443375450182,1.8072610227105271e-06
10443,20443,SAT_443,DEBRIS_443,33.357793236020186,149.35352466729628,0.008875004386091423,127.38256825336484,2.500949885812757,32.16336617500234,29.18279247088119,0,1,11.769870883820186,8.981831056326994,1e-08
10444,20444,SAT_444,DEBRIS_444,73.15196105317523,37.155828916908575,0.017362845087550108,141.95069364103315,1.3213240509372721,34.1672874493608,34.05986833222436,1,1,12.277206420051243,14.569252938535941,1e-08
10445,20445,SAT_445,SAT_B_445,85.25237196454728,1.979249158526486,0.003542995788947718,93.10843015948969,0.9069997480544812,4.658092584788027,4.26288667182342,1,0,4.014766921115452,15.59455966098605,1.5605157683808637e-06
10446,20446,SAT_446,SAT_B_446,88.74009574405838,24.63941341238531,0.01385251904452329,79.2358196319883,0.7780046919512834,23.14775816609421,24.474420568011183,1,0,8.685329247147202,15.644156520705097,1e-08
10447,20447,SAT_447,DEBRIS_447,67.80403667330475,162.00335553265893,0.016762305792962204,26.54145480713111,0.5838715101146158,22.924630473817963,18.830597533501653,0,1,7.348005636874619,14.249491572322771,1e-08
10448,20448,SAT_448,SAT_B_448,33.86336269778242,157.30021396125275,0.018892284389480464,59.07469564967608,0.17294274659707465,16.649170621188574,16.05041704347825,1,0,6.577165011273459,9.312458095176124,1e-08
10449,20449,SAT_449,SAT_B_449,7.515064502880189,107.5343583906555,0.013664960565792916,78.12348591129755,1.0273439365041401,41.98497257250676,43.24917091024134,0,0,16.568345906131114,3.261889992782104,1e-08
10450,20450,SAT_450,DEBRIS_450,69.94322243346932,108.09303487805761,0.009943495280168546,15.948077342331102,0.8107430763923498,37.24640907830129,37.93112663806726,1,1,14.046811218003755,13.932489745537884,1e-08
10451,20451,SAT_451,DEBRIS_451,50.256382476222456,119.70660141832599,0.012356944804024278,39.71015148801803,2.8992521575992223,31.389561716838177,39.84287635694204,0,1,13.17301860117735,12.189282534465363,1e-08
10452,20452,SAT_452,DEBRIS_452,38.17998083222786,31.566830152220927,0.017378099689574364,107.68055293147299,1.6731264787501319,32.15898227628814,33.28390355532059,1,1,12.715877201195122,9.03299861452074,1e-08
10453,20453,SAT_453,DEBRIS_453,81.57189465852623,164.59415026649276,0.011412194932776594,132.41936056305417,1.0418311170915227,20.804140664399707,18.715291357655875,1,1,7.512951960412116,15.377913445212426,1e-08
10454,20454,SAT_454,DEBRIS_454,10.007773407553621,75.37869448057316,0.0006077411939367372,179.70255205073093,1.741402802981088,41.44870372329108,41.05301679391488,0,1,18.489543666274447,3.000927183382184,1e-08
10455,20455,SAT_455,SAT_B_455,44.336259386177325,68.96493508490954,0.018618973910139554,167.96039964184038,0.4175901040370865,31.27206445503518,25.717375472216904,0,0,13.683312563987219,10.987280990014565,1e-08
10456,20456,SAT_456,DEBRIS_456,1.0218280290677162,93.40518695091076,0.013790535020631224,115.66173591633448,1.3321312476066087,32.81769872142895,32.55318889248456,1,1,12.49014574761898,1.023522810764062,1e-08
10457,20457,SAT_457,SAT_B_457,42.17945777947136,8.453874019509907,0.013530267715544931,75.82464959293296,1.8787029642631916,38.783006125241165,35.5521643091082,0,0,13.5338702687205,10.742772745517359,1e-08
10458,20458,SAT_458,SAT_B_458,5.067294811365361,29.931006376094295,0.004313503047954343,114.51192564748189,1.466693495377354,12.369517940931487,13.501811584581052,1,0,6.569947281122177,2.401932447281034,1e-08
10459,20459,SAT_459,DEBRIS_459,10.693612464126472,132.84605095674667,0.013177709404653144,141.41729125444175,1.2053364019629726,36.3278371288083,34.33147616968558,0,1,12.381576542131397,2.963309574316038,1e-08
10460,20460,SAT_460,SAT_B_460,10.577362209939439,14.903760226522763,0.00787728811308317,21.30051436620972,2.9815451666990946,8.826065102894319,8.723006745433526,0,0,4.044386801524026,3.9435188650466877,1e-08
10461,20461,SAT_461,SAT_B_461,58.42892719044572,108.56737970394988,0.013024659540829842,73.78288014533189,2.640944286446781,15.57312075340771,14.583358852411118,1,0,5.877580315061006,12.668520556439688,1.7839880381971845e-08
10462,20462,SAT_462,SAT_B_462,67.1440391338881,44.16283974263777,0.0021318606061598144,151.1644114144111,1.8702178744783202,15.135689919429431,17.767561407192705,1,0,9.632540385599697,14.357055664612892,1e-08
10463,20463,SAT_463,DEBRIS_463,52.503188858744366,70.07321052755577,0.013156906092060721,69.08993134794792,1.7081320835468483,44.03471980409187,42.62013628458251,1,1,15.157348695450493,12.149406485059027,1e-08
10464,20464,SAT_464,SAT_B_464,86.59552936270877,51.96487261872598,0.01998827451541333,102.93700882089358,1.8619814394737522,38.55134820746931,45.61610267679103,0,0,16.1230966992134,15.173356216350294,1e-08
10465,20465,SAT_465,DEBRIS_465,33.73835215713336,64.02108896369084,0.0009642407772111205,105.79848495519568,0.6039363234672998,31.567585278482177,34.13766579651167,1,1,13.59711466908761,8.385751936418584,1e-08
10466,20466,SAT_466,SAT_B_466,25.714087765367466,129.42826293316418,0.019543483684426346,33.205725564055086,1.1854132297929558,32.73120143461178,34.30906375034564,0,0,12.776927924500173,6.892886528514254,1e-08
10467,20467,SAT_467,DEBRIS_467,78.17392153705143,53.481908812171504,0.008138159214457413,65.20237949741191,0.11837859867269795,25.315172108395572,26.24862641703691,0,1,9.19090877096462,14.477764779420863,1e-08
10468,20468,SAT_468,DEBRIS_468,20.123625466750738,101.95283525344149,0.017415069006745183,60.21203197354779,1.4266381124604801,42.621725486527936,44.300157520718884,1,1,20.65153971713685,6.37619837086584,1e-08
10469,20469,SAT_469,SAT_B_469,86.69002854965501,85.68907239583794,0.01564770968116547,4.7154075357716625,1.6290737518729896,22.356830942062153,18.047165945254285,0,0,8.067707040897453,15.815667154277229,1e-08
10470,20470,SAT_470,SAT_B_470,1.0939027220834707,119.46080976527666,0.011340325219733357,4.354517500443944,0.6832492083096288,17.154271058651762,16.675866924949872,0,0,7.3469148300769636,1.0608705358495025,1e-08
10471,20471,SAT_471,SAT_B_471,87.28909440368751,168.62935307845643,0.014768984185026531,149.70546786163922,2.8920865414965413,7.378438395075015,8.002032997524026,0,0,3.1221512888779963,15.522980363900997,2.744296287560479e-06
10472,20472,SAT_472,DEBRIS_472,3.88439207555185,131.86297749784507,0.01757031122602696,49.152745795106235,2.728363832811726,35.38994406913456,35.21689721030587,1,1,13.352885476914066,1.050021719460879,1e-08
10473,20473,SAT_473,DEBRIS_473,80.2028802328264,38.68926814633622,0.008082806433020659,93.25417792298678,2.1664297063677176,33.06325474679783,28.41723975954979,0,1,11.493878030258873,14.201652359032643,1e-08
10474,20474,SAT_474,DEBRIS_474,47.49309981776699,5.6129643110312415,0.006540663231264774,53.770603245979146,1.6001598862960877,17.326758981659864,17.235959053187653,1,1,6.1729790747383335,10.89391515138894,2.719498575117886e-07
10475,20475,SAT_475,SAT_B_475,89.36683165073703,47.20752797396852,0.013351867711271694,169.3222641207613,2.6099074789430547,1.18244395746736,1.38394488452567,0,0,0.6324988999465703,14.322903023565328,0.0022489382322322775
10476,20476,SAT_476,DEBRIS_476,6.641690826185897,107.11402752604587,0.016156918838825172,46.67341659583927,0.39195703147038874,37.76292988092458,42.47155832320892,0,1,16.894113418987757,2.0043129761552994,1e-08
10477,20477,SAT_477,DEBRIS_477,49.846885596118874,9.256646427165062,0.015245702695532316,77.33822629300832,2.371529382824655,0.5632383562606098,0.5597460526289207,1,1,0.6177349171168575,11.954170049574575,0.008068355191129754
10478,20478,SAT_478,DEBRIS_478,87.2372282057189,89.34592449622254,0.01595627297717269,157.09144508722832,0.3744624419005449,31.681305094325843,34.695620577151146,0,1,12.02661162896818,14.876925953959445,1e-08
10479,20479,SAT_479,DEBRIS_479,47.078805975313394,107.43171280504006,0.00871166629625866,151.54804202252555,2.3826319876482165,43.66305708218626,42.06277538705104,0,1,16.02654160881067,11.495319137387131,1e-08
10480,20480,SAT_480,SAT_B_480,56.64587743217363,60.163900347052945,0.01635668432350043,33.498255212329916,0.8273027047540709,19.722876700261747,16.362351778255476,0,0,8.437267107311877,13.072215880216428,1e-08
10481,20481,SAT_481,SAT_B_481,62.61738200861554,138.76419667424796,0.002404181107412169,144.47579576322786,2.6312717430545667,10.612054554568077,9.631006204580725,0,0,3.623931896842821,13.586586897634032,7.047602669233084e-08
10482,20482,SAT_482,DEBRIS_482,40.90869582909959,19.187685564078926,0.010889781959216992,82.47363961282068,2.8321262814761936,31.73395190145001,36.693615602165565,1,1,13.398709574121813,10.565887801319187,1e-08
10483,20483,SAT_483,DEBRIS_483,56.48022720756571,13.524800712445577,0.00011517320996243141,86.93439697536394,0.4463879082153469,36.779909983600554,35.77216589501944,0,1,12.871824501138939,12.670228980036237,1e-08
10484,20484,SAT_484,SAT_B_484,52.58828807307902,131.0739761166486,0.006491716598005406,24.026395034869882,1.3880268151961805,24.61204270769924,24.013025018224464,1,0,8.560124960704407,11.567711505077138,1e-08
10485,20485,SAT_485,SAT_B_485,81.10422094418901,89.18843691711572,0.007329230697427957,14.508272476282437,2.9429621344880554,43.51823562276377,42.21339269534429,0,0,15.06169264919886,15.36291048538929,1e-08
10486,20486,SAT_486,SAT_B_486,4.090174230731209,123.91243135699249,0.007923453832185108,131.02907525527775,1.4502223079194398,2.3725090385253513,2.8242671654602307,0,0,3.6258646637935668,1.8897481175719124,5.026337359885326e-08
10487,20487,SAT_487,SAT_B_487,25.28668706330073,78.26892094867432,0.013909344133797243,89.36300742395396,2.5906425675436355,22.74056214378854,26.43808411959234,1,0,8.89699918412881,6.62684127165528,1e-08
10488,20488,SAT_488,SAT_B_488,85.53703356689029,44.35236598303923,0.007771162025406915,78.63312647073232,1.7661945663939596,32.344504932148624,39.52103975256033,0,0,12.835187362079576,14.869197228197853,1e-08
10489,20489,SAT_489,DEBRIS_489,80.12374055018248,147.43841718135596,0.008973872452450612,131.31148115743142,1.1259897237588055,38.82568917815559,38.208185187728915,0,1,14.339603376563916,14.339085171835183,1e-08
10490,20490,SAT_490,DEBRIS_490,41.009107750714165,143.89485821441627,0.004750882617486549,137.79232181839976,0.8573506665776106,8.107539755255164,8.34721848476957,0,1,5.682360799366178,10.046554864316219,1e-08
10491,20491,SAT_491,SAT_B_491,55.811933802138306,125.04536475379682,0.007465035832586802,28.60347018048364,0.6096692732582618,36.01015650527748,30.548702948556905,0,0,11.977811510326974,12.787354246310331,1e-08
10492,20492,SAT_492,SAT_B_492,24.964306468301942,48.98612470139329,0.00454539254526303,109.84052690597544,2.2853945741330914,24.894183053548613,28.570890649736224,0,0,10.279832086521367,7.198510239472384,1e-08
10493,20493,SAT_493,SAT_B_493,16.930904375138518,106.24152003643567,0.0014639184753688728,24.363734809983395,1.1596215204690836,17.87508800544885,15.787671780461057,0,0,5.909909510704312,4.769896683785383,1e-08
10494,20494,SAT_494,SAT_B_494,41.7328564445984,64.97530144920482,0.012068971867627558,135.24751548522823,1.5338263866022535,5.970590534630256,6.100018347544286,0,0,3.0198367105161035,10.142233333714037,4.4759882544098164e-07
10495,20495,SAT_495,DEBRIS_495,31.801700522344753,16.484773198794148,0.013364255971100325,118.25192812808511,1.4769764400035457,38.94504436295561,34.67159480113117,0,1,14.07882588640014,9.00950457612979,1e-08
10496,20496,SAT_496,DEBRIS_496,52.529050066578485,165.1164435832037,0.01238980692019229,172.19063179502243,1.7318370876993936,7.119430707678205,6.700191050776556,0,1,3.687075404708016,12.400734169908018,3.2459529767401908e-06
10497,20497,SAT_497,SAT_B_497,6.996117326848635,24.627353565413053,0.009269880876011447,12.412442944155814,2.5967314368736565,13.974964271449013,12.804893015474402,0,0,5.273382349232408,3.9184012624294824,1e-08
10498,20498,SAT_498,DEBRIS_498,87.69553268995499,171.04272368774443,0.007595715603584597,10.269849807225777,2.942218030750288,13.087546661711539,12.291987077852056,0,1,5.000202079430455,15.578903516695352,7.072566908370601e-07
10499,20499,SAT_499,DEBRIS_499,88.75896700316426,80.28103913243203,0.017266672991436506,50.793673444776026,1.222752625721451,39.2200608368789,37.10561831527435,1,1,13.4832537499099,15.568909453748047,1e-08
